Date(GMT),Date(Local),Time(sec),Latitude,Longitude,Horizontal Accuracy(m),Altitude(m),Vertical Accuracy(m),Distance(m),Speed(m/s),Average Speed(m/s),Course(deg),True Heading(deg),Magnetic Heading(deg),Heading Accuracy(deg),Glide Ratio
2016-11-04 12:04:21.00,2016-11-04 07:04:21.00,0,46.800883,-92.111362,5,348.537841796875,6,0,0,0,238.7109375,267.3461608886719,268.2734680175781,20,-1.360948987627842
2016-11-04 12:04:21.58,2016-11-04 07:04:21.58,0,46.800883,-92.111362,5,348.537841796875,6,0,0,0.6796358211438713,238.7109375,267.3461608886719,268.2734680175781,20,-1.360948987627842
2016-11-04 12:04:22.00,2016-11-04 07:04:22.00,0.4498571157455444,46.800883,-92.111362,5,348.5101318359375,6,0.09504164755344391,0,0.6796358211438713,238.7109375,263.2575988769531,264.1849060058594,20,-1.346184581804839
2016-11-04 12:04:27.00,2016-11-04 07:04:27.00,5.449857413768768,46.800883,-92.111441,5,350.0855712890625,6,6.156881078207537,1.25,0.6796358211438713,247.1484375,249.8212127685547,250.7485046386719,20,-1.627991861162324
2016-11-04 12:04:31.00,2016-11-04 07:04:31.00,9.449857473373413,46.800871,-92.111508,5,350.0934448242188,6,11.41432524768771,1.169999957084656,0.6796358211438713,247.1484375,243.7703552246094,244.6976470947266,20,-3.408061397717997
2016-11-04 12:04:35.16,2016-11-04 07:04:35.16,9.449857473373413,46.800871,-92.111508,5,350.1293334960938,6,11.41432524768771,1.169999957084656,1.200000047683716,247.1484375,243.7703552246094,244.6976470947266,20,-3.408061397717997
2016-11-04 12:04:36.00,2016-11-04 07:04:36.00,14.44985735416412,46.800853,-92.111576,5,350.5465698242188,4,17.00161022735289,1.230000019073486,1.200000047683716,253.4765625,255.7359771728516,256.6632690429688,20,-10.91527924202662
2016-11-04 12:04:40.00,2016-11-04 07:04:40.00,18.44985646009445,46.800838,-92.111642,5,348.1673583984375,4,22.28476332359109,1.200000047683716,1.200000047683716,250.6640625,241.9024963378906,242.8297882080078,20,-5.937057069904225
2016-11-04 12:04:45.00,2016-11-04 07:04:45.00,23.44985681772232,46.800822,-92.111717,5,347.961669921875,4,28.24289684381516,1.259999990463257,1.200000047683716,248.5546875,240.2156219482422,241.1429138183594,20,-9.103226571144532
2016-11-04 12:04:49.00,2016-11-04 07:04:49.00,27.44985753297806,46.800811,-92.111784,5,347.993408203125,4,33.52604994005337,1.320000052452087,1.200000047683716,252.0703125,241.4187469482422,242.3460388183594,20,-14.13127974315531
2016-11-04 12:04:50.16,2016-11-04 07:04:50.16,27.44985753297806,46.800811,-92.111784,5,347.993408203125,4,33.52604994005337,1.320000052452087,1.262430265214316,252.0703125,241.4187469482422,242.3460388183594,20,-14.13127974315531
2016-11-04 12:04:53.00,2016-11-04 07:04:53.00,31.4498570561409,46.800796,-92.111846,5,348.3817138671875,4,38.52455394154391,1.100000023841858,1.262430265214316,243.6328125,241.5900421142578,242.517333984375,20,-27.04592339617252
2016-11-04 12:04:58.00,2016-11-04 07:04:58.00,36.44985800981522,46.800780,-92.111925,5,348.34912109375,4,44.77855433750548,1.25,1.262430265214316,253.4765625,244.5717010498047,245.4989929199219,20,-34.13327193287672
2016-11-04 12:05:02.00,2016-11-04 07:05:02.00,40.44985783100128,46.800760,-92.111989,5,348.1430053710938,4,50.13134852833745,1.25,1.262430265214316,243.984375,246.1254730224609,247.0527648925781,20,-26.98793740077289
2016-11-04 12:05:05.16,2016-11-04 07:05:05.16,40.44985783100128,46.800760,-92.111989,5,347.8445434570312,4,50.13134852833745,1.25,1.249283218137854,243.984375,246.1254730224609,247.0527648925781,20,-26.98793740077289
2016-11-04 12:05:07.00,2016-11-04 07:05:07.00,45.44985711574554,46.800733,-92.112060,5,347.8382568359375,4,56.32147166547747,1.190000057220459,1.249283218137854,238.7109375,237.1169128417969,238.0442047119141,20,-20.81394195491323
2016-11-04 12:05:11.00,2016-11-04 07:05:11.00,49.44985783100128,46.800715,-92.112123,5,348.6038818359375,4,61.59092894322216,1.289999961853027,1.249283218137854,239.4140625,232.3413848876953,233.2686767578125,20,-32.01061322894112
2016-11-04 12:05:15.00,2016-11-04 07:05:15.00,53.44985723495483,46.800696,-92.112191,5,348.99609375,4,67.12297334286812,1.360000014305115,1.249283218137854,244.3359375,240.2517242431641,241.1790161132812,20,234.2546400398808
2016-11-04 12:05:19.00,2016-11-04 07:05:19.00,57.44985777139664,46.800679,-92.112258,5,349.352294921875,6,72.58518145719624,1.210000038146973,1.249283218137854,245.0390625,239.1987152099609,240.1260070800781,20,32.90136931059195
2016-11-04 12:05:20.16,2016-11-04 07:05:20.16,57.44985777139664,46.800679,-92.112258,5,349.352294921875,6,72.58518145719624,1.210000038146973,1.293336914241552,245.0390625,239.1987152099609,240.1260070800781,20,32.90136931059195
2016-11-04 12:05:23.00,2016-11-04 07:05:23.00,61.44985741376877,46.800660,-92.112318,5,348.3963623046875,4,77.5854922557823,1.279999971389771,1.293336914241552,236.953125,241.1545104980469,242.0818023681641,20,40.13188880899983
2016-11-04 12:05:28.00,2016-11-04 07:05:28.00,66.44985711574554,46.800641,-92.112383,5,348.767578125,4,83.02200741959561,1,1.293336914241552,255.5859375,248.1137847900391,249.0410766601562,20,197.5296596840599
2016-11-04 12:05:33.00,2016-11-04 07:05:33.00,71.44985646009445,46.800622,-92.112459,5,349.1680908203125,3,89.14020967234339,1.179999947547913,1.293336914241552,237.3046875,234.2023315429688,235.1296234130859,20,354.6270657307894
2016-11-04 12:05:35.15,2016-11-04 07:05:35.15,71.44985646009445,46.800622,-92.112459,5,349.1299438476562,3,89.14020967234339,1.179999947547913,1.20953064875081,237.3046875,234.2023315429688,235.1296234130859,20,354.6270657307894
2016-11-04 12:05:37.00,2016-11-04 07:05:37.00,75.44985717535019,46.800589,-92.112510,5,348.5409545898438,3,94.47440891163617,1.269999980926514,1.20953064875081,225,218.5098724365234,219.4371643066406,20,54.12546299943339
2016-11-04 12:05:42.00,2016-11-04 07:05:42.00,80.44985741376877,46.800554,-92.112567,5,348.988525390625,4,100.3914671036143,1.149999976158142,1.20953064875081,238.0078125,220.7310791015625,221.6583709716797,20,67.28937074378521
2016-11-04 12:05:46.00,2016-11-04 07:05:46.00,84.44985723495483,46.800523,-92.112618,5,348.9339599609375,3,105.5307513715377,1.299999952316284,1.20953064875081,234.4921875,232.3040466308594,233.2313385009766,20,195.5041186675683
2016-11-04 12:05:50.00,2016-11-04 07:05:50.00,88.44985729455948,46.800491,-92.112669,5,349.685791015625,3,110.8275648735034,1.269999980926514,1.20953064875081,234.4921875,229.4933013916016,230.4205932617188,20,189.9255882314555
2016-11-04 12:05:50.16,2016-11-04 07:05:50.16,88.44985729455948,46.800491,-92.112669,5,349.7063598632812,3,110.8275648735034,1.269999980926514,1.302971133425775,234.4921875,229.4933013916016,230.4205932617188,20,189.9255882314555
2016-11-04 12:05:55.00,2016-11-04 07:05:55.00,93.4498575925827,46.800454,-92.112729,5,350.2680053710938,4,116.9369023030691,1.289999961853027,1.302971133425775,221.8359375,223.7718811035156,224.6991729736328,20,44.83291616551542
2016-11-04 12:05:59.00,2016-11-04 07:05:59.00,97.44985783100128,46.800424,-92.112778,5,350.621826171875,4,122.0053941502512,1.330000042915344,1.302971133425775,237.65625,222.4022827148438,223.3295745849609,20,22.84108728072091
2016-11-04 12:06:03.00,2016-11-04 07:06:03.00,101.4498580694199,46.800394,-92.112832,5,351.0000610351562,6,127.2525194792256,1.470000028610229,1.302971133425775,230.625,229.4222564697266,230.3495483398438,20,18.08159861271498
2016-11-04 12:06:05.16,2016-11-04 07:06:05.16,101.4498580694199,46.800394,-92.112832,5,351.1109008789062,6,127.2525194792256,1.470000028610229,1.438553784631132,230.625,229.4222564697266,230.3495483398438,20,18.08159861271498
2016-11-04 12:06:07.00,2016-11-04 07:06:07.00,105.4498572945595,46.800363,-92.112888,5,351.2260131835938,4,132.7427687073027,1.269999980926514,1.438553784631132,232.03125,235.0729675292969,236.0002593994141,20,18.64547172920815
2016-11-04 12:06:11.00,2016-11-04 07:06:11.00,109.449857711792,46.800331,-92.112937,5,351.9841918945312,4,137.943205883195,1.259999990463257,1.438553784631132,228.515625,233.3898773193359,234.3171691894531,20,15.22901720291101
2016-11-04 12:06:15.00,2016-11-04 07:06:15.00,113.449856698513,46.800298,-92.112986,5,351.7151489257812,4,143.1366905998612,1.159999966621399,1.438553784631132,234.84375,231.1260223388672,232.0533142089844,20,13.54568079361448
2016-11-04 12:06:19.00,2016-11-04 07:06:19.00,117.4498575925827,46.800275,-92.113047,5,350.861328125,4,148.4810405604932,1.100000023841858,1.438553784631132,234.84375,243.3813934326172,244.3086853027344,20,15.44364543253377
2016-11-04 12:06:20.16,2016-11-04 07:06:20.16,117.4498575925827,46.800275,-92.113047,5,350.861328125,4,148.4810405604932,1.100000023841858,1.224430109387663,234.84375,243.3813934326172,244.3086853027344,20,15.44364543253377
2016-11-04 12:06:23.00,2016-11-04 07:06:23.00,121.4498575925827,46.800253,-92.113106,5,350.237548828125,3,153.5717607918744,1.070000052452087,1.224430109387663,235.546875,244.5414886474609,245.4687805175781,20,24.15542441795903
2016-11-04 12:06:27.00,2016-11-04 07:06:27.00,125.4498575329781,46.800236,-92.113170,5,351.7032470703125,3,158.8274865615147,1.059999942779541,1.224430109387663,245.7421875,245.0244598388672,245.9517517089844,20,40.8167932870512
2016-11-04 12:06:32.00,2016-11-04 07:06:32.00,130.4498571753502,46.800215,-92.113236,5,352.1641235351562,3,164.3366238466169,0.949999988079071,1.224430109387663,267.5390625,249.4347839355469,250.3620758056641,20,44.49878953047654
2016-11-04 12:06:35.15,2016-11-04 07:06:35.15,130.4498571753502,46.800215,-92.113236,5,351.879638671875,3,164.3366238466169,0.949999988079071,1.118022598321381,267.5390625,249.4347839355469,250.3620758056641,20,44.49878953047654
2016-11-04 12:06:36.00,2016-11-04 07:06:36.00,134.4498569965363,46.800206,-92.113302,5,351.837646484375,3,169.5039535302306,1.120000004768372,1.118022598321381,252.0703125,256.5271911621094,257.4544982910156,20,36.35691294442038
2016-11-04 12:06:41.00,2016-11-04 07:06:41.00,139.4498575329781,46.800184,-92.113379,5,351.7801513671875,3,175.8667771171044,1.139999985694885,1.118022598321381,252.0703125,244.6020050048828,245.529296875,20,62.82853837363163
2016-11-04 12:06:45.00,2016-11-04 07:06:45.00,143.4498574733734,46.800175,-92.113444,5,351.9256591796875,3,180.9147324026878,0.9800000190734863,1.118022598321381,252.0703125,242.7027130126953,243.6300048828125,20,169.3573756999386
2016-11-04 12:06:49.00,2016-11-04 07:06:49.00,147.4498571753502,46.800157,-92.113507,5,351.0655517578125,3,186.1090866856584,1.059999942779541,1.118022598321381,243.984375,233.6807098388672,234.6080017089844,20,168.2029264843831
2016-11-04 12:06:50.16,2016-11-04 07:06:50.16,147.4498571753502,46.800157,-92.113507,5,351.0655517578125,3,186.1090866856584,1.059999942779541,1.027138350286305,243.984375,233.6807098388672,234.6080017089844,20,168.2029264843831
2016-11-04 12:06:53.00,2016-11-04 07:06:53.00,151.4498578310013,46.800125,-92.113562,5,352.3607177734375,3,191.6083774261873,1.029999971389771,1.027138350286305,217.6171875,232.7940216064453,233.7213134765625,20,52.70140181500652
2016-11-04 12:06:57.00,2016-11-04 07:06:57.00,155.4498578310013,46.800096,-92.113619,5,352.1361083984375,3,197.0215812384247,0.9100000262260437,1.027138350286305,232.03125,250.087890625,251.0151824951172,20,47.48578977729214
2016-11-04 12:07:01.00,2016-11-04 07:07:01.00,159.4498565196991,46.800077,-92.113679,5,352.0585327148438,3,202.0900730856068,0.9800000190734863,1.027138350286305,236.25,247.8423614501953,248.7696533203125,20,50.22163117227937
2016-11-04 12:07:05.16,2016-11-04 07:07:05.16,159.4498565196991,46.800077,-92.113679,5,351.6446533203125,3,202.0900730856068,0.9800000190734863,1.069511498297895,236.25,247.8423614501953,248.7696533203125,20,50.22163117227937
2016-11-04 12:07:06.00,2016-11-04 07:07:06.00,164.4498582482338,46.800056,-92.113756,5,351.856689453125,4,208.3728939125502,1.159999966621399,1.069511498297895,248.90625,249.3821868896484,250.3094787597656,20,1104.007157699
2016-11-04 12:07:10.00,2016-11-04 07:07:10.00,168.4498572349548,46.800033,-92.113813,5,352.7093505859375,4,213.4520675246832,1.080000042915344,1.069511498297895,259.1015625,243.6657562255859,244.5930480957031,20,292.8878663672785
2016-11-04 12:07:14.00,2016-11-04 07:07:14.00,172.4498578310013,46.800017,-92.113876,5,354.1160278320312,3,218.5569631269955,1.049999952316284,1.069511498297895,261.5625,250.5523681640625,251.4796600341797,20,40.50777039117607
2016-11-04 12:07:19.00,2016-11-04 07:07:19.00,177.449857711792,46.799996,-92.113949,5,353.7939453125,3,224.6038829203812,0.9599999785423279,1.069511498297895,248.5546875,255.3473968505859,256.2746887207031,20,22.9944134943086
2016-11-04 12:07:20.16,2016-11-04 07:07:20.16,177.449857711792,46.799996,-92.113949,5,353.7939453125,3,224.6038829203812,0.9599999785423279,1.015835228673369,248.5546875,255.3473968505859,256.2746887207031,20,22.9944134943086
2016-11-04 12:07:24.00,2016-11-04 07:07:24.00,182.4498574733734,46.799992,-92.114025,5,353.7882080078125,3,230.4146518375762,1.330000042915344,1.015835228673369,248.5546875,247.4518585205078,248.379150390625,20,20.41111385215469
2016-11-04 12:07:29.00,2016-11-04 07:07:29.00,187.4498564600945,46.799977,-92.114091,5,354.226318359375,3,235.6935288075806,1.070000052452087,1.015835228673369,256.2890625,253.1847381591797,254.1120300292969,20,19.52173552741773
2016-11-04 12:07:33.00,2016-11-04 07:07:33.00,191.4498571157455,46.799969,-92.114157,5,353.6610107421875,3,240.7922275344246,0.9599999785423279,1.015835228673369,259.8046875,261.1914367675781,262.1187438964844,20,19.53359358701128
2016-11-04 12:07:35.15,2016-11-04 07:07:35.15,191.4498571157455,46.799969,-92.114157,5,353.6165161132812,3,240.7922275344246,0.9599999785423279,0.9977432453487122,259.8046875,261.1914367675781,262.1187438964844,20,19.53359358701128
2016-11-04 12:07:38.00,2016-11-04 07:07:38.00,196.4498565196991,46.799959,-92.114225,5,354.2991943359375,3,246.0933026940931,0.8899999856948853,0.9977432453487122,284.0625,262.5060729980469,263.4333801269531,20,17.544553643237
2016-11-04 12:07:43.00,2016-11-04 07:07:43.00,201.4498571157455,46.799950,-92.114294,5,356.14697265625,3,251.4679897950708,0.7300000190734863,0.9977432453487122,282.65625,278.5906066894531,279.5179138183594,20,15.87585771221298
2016-11-04 12:07:47.00,2016-11-04 07:07:47.00,205.449857711792,46.799953,-92.114363,5,357.13916015625,3,256.7477222673854,1.059999942779541,0.9977432453487122,285.1171875,279.1526794433594,280.0799865722656,20,13.53576071776617
2016-11-04 12:07:50.16,2016-11-04 07:07:50.16,205.449857711792,46.799953,-92.114363,5,356.745361328125,3,256.7477222673854,1.059999942779541,1.145216975479644,285.1171875,279.1526794433594,280.0799865722656,20,13.53576071776617
2016-11-04 12:07:51.00,2016-11-04 07:07:51.00,209.4498572945595,46.799964,-92.114429,5,357.2598876953125,3,261.9237849801867,1.149999976158142,1.145216975479644,285.1171875,309.1336975097656,310.0610046386719,20,11.63714317234537
2016-11-04 12:07:58.00,2016-11-04 07:07:58.00,216.449857711792,46.800006,-92.114466,5,356.888916015625,3,267.3519861535659,0.8399999737739563,1.145216975479644,29.1796875,39.75898742675781,40.68628311157227,20,9.630698853418318
2016-11-04 12:08:04.00,2016-11-04 07:08:04.00,222.4498572945595,46.800039,-92.114404,5,355.70263671875,3,273.2994977540625,0.8999999761581421,1.145216975479644,56.953125,79.32901000976562,80.25630950927734,20,11.0659114146466
2016-11-04 12:08:05.15,2016-11-04 07:08:05.15,222.4498572945595,46.800039,-92.114404,5,355.70263671875,3,273.2994977540625,0.8999999761581421,1.032416500946409,56.953125,79.32901000976562,80.25630950927734,20,11.0659114146466
2016-11-04 12:08:08.00,2016-11-04 07:08:08.00,226.4498571753502,46.800062,-92.114341,5,355.53125,3,278.7749195753057,1.159999966621399,1.032416500946409,56.6015625,121.2739944458008,122.2012939453125,20,15.82546765910411
2016-11-04 12:08:12.00,2016-11-04 07:08:12.00,230.4498598575592,46.800069,-92.114274,5,354.8834228515625,3,283.8806998315719,0.9200000166893005,1.032416500946409,56.6015625,121.5620956420898,122.4893951416016,20,37.91760619728974
2016-11-04 12:08:16.00,2016-11-04 07:08:16.00,234.4498573541641,46.800053,-92.114212,5,354.581298828125,4,288.9723071798425,0.8100000023841858,1.032416500946409,56.953125,104.1324310302734,105.0597305297852,20,-62.1634591116276
2016-11-04 12:08:20.00,2016-11-04 07:08:20.00,238.4498571157455,46.800047,-92.114134,5,353.8712158203125,4,294.9365018751031,0.8299999833106995,1.032416500946409,97.03125,98.22441864013672,99.15171813964844,20,-17.20040128415799
2016-11-04 12:08:20.16,2016-11-04 07:08:20.16,238.4498571157455,46.800047,-92.114134,5,353.9928588867188,4,294.9365018751031,0.8299999833106995,1.175561205625552,97.03125,98.22441864013672,99.15171813964844,20,-17.20040128415799
2016-11-04 12:08:24.00,2016-11-04 07:08:24.00,242.4498573541641,46.800070,-92.114064,5,353.3372802734375,4,300.8634745879863,1.539999961853027,1.175561205625552,97.03125,84.71553039550781,85.64282989501953,20,-11.86615481431961
2016-11-04 12:08:28.00,2016-11-04 07:08:28.00,246.4498583078384,46.800089,-92.113999,5,352.2021484375,4,306.2086695719394,1.289999961853027,1.175561205625552,60.8203125,82.53651428222656,83.46381378173828,20,-10.10420167252444
2016-11-04 12:08:32.00,2016-11-04 07:08:32.00,250.4498571157455,46.800118,-92.113942,5,351.50244140625,3,311.6210389789599,0.949999988079071,1.175561205625552,96.6796875,71.36544799804688,72.29274749755859,20,-8.836479444992033
2016-11-04 12:08:35.16,2016-11-04 07:08:35.16,250.4498571157455,46.800118,-92.113942,5,351.50146484375,3,311.6210389789599,0.949999988079071,1.025840382408458,96.6796875,71.36544799804688,72.29274749755859,20,-8.836479444992033
2016-11-04 12:08:36.00,2016-11-04 07:08:36.00,254.4498565196991,46.800149,-92.113888,5,351.7601928710938,3,317.0359112158977,1.039999961853027,1.025840382408458,67.8515625,66.61492156982422,67.54222106933594,20,-8.81757010943123
2016-11-04 12:08:40.00,2016-11-04 07:08:40.00,258.4498571753502,46.800180,-92.113830,5,351.9964599609375,3,322.62965922257,1.220000028610229,1.025840382408458,36.9140625,60.88919448852539,61.81649017333984,20,-9.894724861106708
2016-11-04 12:08:45.00,2016-11-04 07:08:45.00,263.4498572349548,46.800224,-92.113782,5,352.6270141601562,3,328.7330796169172,1.039999961853027,1.025840382408458,43.2421875,41.94946670532227,42.87676239013672,20,-13.31592894583935
2016-11-04 12:08:49.00,2016-11-04 07:08:49.00,267.4498572945595,46.800261,-92.113743,5,352.6854248046875,3,333.85299354799,1.070000052452087,1.025840382408458,36.2109375,47.91435241699219,48.84164810180664,20,-17.51162337191087
2016-11-04 12:08:50.16,2016-11-04 07:08:50.16,267.4498572945595,46.800261,-92.113743,5,352.6854248046875,3,333.85299354799,1.070000052452087,1.153411441233637,36.2109375,47.91435241699219,48.84164810180664,20,-17.51162337191087
2016-11-04 12:08:54.00,2016-11-04 07:08:54.00,272.4498578906059,46.800311,-92.113703,5,353.5145263671875,3,340.1429988493527,1.139999985694885,1.153411441233637,35.859375,51.72464752197266,52.65194320678711,20,-31.38924256848053
2016-11-04 12:08:58.00,2016-11-04 07:08:58.00,276.449856698513,46.800355,-92.113681,5,353.6661376953125,3,345.3503792021366,1.190000057220459,1.153411441233637,22.1484375,23.3726921081543,24.29998779296875,20,-338.0611618996049
2016-11-04 12:09:02.00,2016-11-04 07:09:02.00,280.4498577713966,46.800400,-92.113663,5,354.53759765625,3,350.6009463978826,1.259999990463257,1.153411441233637,23.5546875,21.8403148651123,22.76761054992676,20,29.13538338021968
2016-11-04 12:09:05.15,2016-11-04 07:09:05.15,280.4498577713966,46.800400,-92.113663,5,355.2306518554688,3,350.6009463978826,1.259999990463257,1.210363466239208,23.5546875,21.8403148651123,22.76761054992676,20,29.13538338021968
2016-11-04 12:09:06.00,2016-11-04 07:09:06.00,284.4498572349548,46.800449,-92.113651,5,355.947998046875,3,356.1100836829848,1.159999966621399,1.210363466239208,14.4140625,6.348095893859863,7.275392532348633,20,13.8446187348652
2016-11-04 12:09:10.00,2016-11-04 07:09:10.00,288.4498569369316,46.800495,-92.113630,5,354.7581787109375,3,361.4755193009892,1.240000009536743,1.210363466239208,23.90625,24.32278060913086,25.25007629394531,20,10.96765290679675
2016-11-04 12:09:15.00,2016-11-04 07:09:15.00,293.4498565793037,46.800546,-92.113604,5,354.3438720703125,3,367.4336528212132,0.9599999785423279,1.210363466239208,23.90625,31.96788787841797,32.89518356323242,20,13.09889906975212
2016-11-04 12:09:19.00,2016-11-04 07:09:19.00,297.4498569965363,46.800599,-92.113592,5,354.8497314453125,3,373.4671133971833,1.600000023841858,1.210363466239208,11.25,29.71490478515625,30.6422004699707,20,18.40353578091331
2016-11-04 12:09:20.16,2016-11-04 07:09:20.16,297.4498569965363,46.800599,-92.113592,5,354.8497314453125,3,373.4671133971833,1.600000023841858,1.657982709387824,11.25,29.71490478515625,30.6422004699707,20,18.40353578091331
2016-11-04 12:09:25.00,2016-11-04 07:09:25.00,303.4498578310013,46.800644,-92.113558,5,354.4393310546875,3,379.0850315351807,0.7599999904632568,1.657982709387824,22.8515625,39.52880859375,40.45610427856445,20,22.91097247496579
2016-11-04 12:09:31.00,2016-11-04 07:09:31.00,309.4498574137688,46.800689,-92.113527,5,355.636962890625,3,384.5843222757096,1.009999990463257,1.657982709387824,26.3671875,23.62586975097656,24.55316543579102,20,28.92112388948802
2016-11-04 12:09:35.16,2016-11-04 07:09:35.16,309.4498574137688,46.800689,-92.113527,5,355.8174438476562,3,384.5843222757096,1.009999990463257,0.8866666754086813,26.3671875,23.62586975097656,24.55316543579102,20,28.92112388948802
2016-11-04 12:09:38.00,2016-11-04 07:09:38.00,316.4498574137688,46.800733,-92.113492,5,356.174560546875,3,390.1326709971805,0.7599999904632568,0.8866666754086813,17.2265625,2.680138111114502,3.607434511184692,20,38.8734976256758
2016-11-04 12:09:45.00,2016-11-04 07:09:45.00,323.4498581886292,46.800780,-92.113468,5,357.108642578125,3,395.6728735555128,0.8600000143051147,0.8866666754086813,18.984375,21.21540069580078,22.14269638061523,20,18.83703603243126
2016-11-04 12:09:50.16,2016-11-04 07:09:50.16,323.4498581886292,46.800780,-92.113468,5,357.6903686523438,3,395.6728735555128,0.8600000143051147,0.750000019868215,18.984375,21.21540069580078,22.14269638061523,20,18.83703603243126
2016-11-04 12:09:52.00,2016-11-04 07:09:52.00,330.4498564600945,46.800829,-92.113448,5,358.7002563476562,3,401.406965441907,0.8199999928474426,0.750000019868215,14.765625,22.73215675354004,23.65945243835449,20,8.387555550528985
2016-11-04 12:09:58.00,2016-11-04 07:09:58.00,336.4498571753502,46.800873,-92.113431,5,359.5542602539062,3,406.4253084331592,0.6000000238418579,0.750000019868215,15.8203125,21.16313743591309,22.09043312072754,20,5.73230190178483
2016-11-04 12:10:05.00,2016-11-04 07:10:05.00,343.4498572349548,46.800924,-92.113422,5,360.1922607421875,3,412.1594003195534,0.8299999833106995,0.750000019868215,356.484375,26.3075008392334,27.23479652404785,20,5.466310839553136
2016-11-04 12:10:05.15,2016-11-04 07:10:05.15,343.4498572349548,46.800924,-92.113422,5,359.968505859375,3,412.1594003195534,0.8299999833106995,0.7399999896685282,356.484375,26.3075008392334,27.23479652404785,20,5.466310839553136
2016-11-04 12:10:13.00,2016-11-04 07:10:13.00,351.4498571157455,46.800972,-92.113408,5,361.750244140625,3,417.5592381760549,0.6299999952316284,0.7399999896685282,2.8125,38.91700744628906,39.84430313110352,20,4.895609599958585
2016-11-04 12:10:19.00,2016-11-04 07:10:19.00,357.4498571157455,46.801021,-92.113383,5,363.016357421875,3,423.4210815536827,1,0.7399999896685282,17.578125,24.68992805480957,25.61722373962402,20,4.563463209103218
2016-11-04 12:10:20.16,2016-11-04 07:10:20.16,357.4498571157455,46.801021,-92.113383,5,363.016357421875,3,423.4210815536827,1,1.005473122593167,17.578125,24.68992805480957,25.61722373962402,20,4.563463209103218
2016-11-04 12:10:26.00,2016-11-04 07:10:26.00,364.4498574733734,46.801077,-92.113374,5,364.338623046875,3,429.6199539858426,0.9200000166893005,1.005473122593167,7.03125,15.63397312164307,16.56126976013184,20,5.004180803029564
2016-11-04 12:10:31.00,2016-11-04 07:10:31.00,369.4498576521873,46.801128,-92.113377,5,365.6533813476562,3,435.3161132052349,0.9900000095367432,1.005473122593167,10.546875,21.784423828125,22.71171951293945,20,5.482317647600847
2016-11-04 12:10:35.15,2016-11-04 07:10:35.15,369.4498576521873,46.801128,-92.113377,5,365.198486328125,3,435.3161132052349,0.9900000095367432,0.9630653263818312,10.546875,21.784423828125,22.71171951293945,20,5.482317647600847
2016-11-04 12:10:36.00,2016-11-04 07:10:36.00,374.4498571753502,46.801175,-92.113344,5,366.15087890625,3,441.1925775473766,1.120000004768372,0.9630653263818312,43.2421875,77.46028900146484,78.38758850097656,20,5.198972396724114
2016-11-04 12:10:40.00,2016-11-04 07:10:40.00,378.449856877327,46.801193,-92.113280,5,366.65478515625,3,446.4500217168567,1.230000019073486,0.9630653263818312,70.3125,100.1118850708008,101.0391845703125,20,5.70383535441546
2016-11-04 12:10:44.00,2016-11-04 07:10:44.00,382.449856877327,46.801179,-92.113205,5,366.93212890625,3,452.3226419659971,1.129999995231628,0.9630653263818312,107.2265625,110.7849502563477,111.7122497558594,20,6.44185923900572
2016-11-04 12:10:49.00,2016-11-04 07:10:49.00,387.4498572349548,46.801159,-92.113145,5,366.9097900390625,3,457.4601683121083,0.8600000143051147,0.9630653263818312,105.1171875,114.3316879272461,115.2589874267578,20,7.668704781063158
2016-11-04 12:10:50.16,2016-11-04 07:10:50.16,387.4498572349548,46.801159,-92.113145,5,366.9097900390625,3,457.4601683121083,0.8600000143051147,0.8500873886886121,105.1171875,114.3316879272461,115.2589874267578,20,7.668704781063158
2016-11-04 12:10:54.00,2016-11-04 07:10:54.00,392.4498580098152,46.801145,-92.113073,5,366.0484619140625,3,463.1579131012514,1,0.8500873886886121,105.1171875,114.8723220825195,115.7996215820312,20,10.45419195301412
2016-11-04 12:10:59.00,2016-11-04 07:10:59.00,397.4498574137688,46.801137,-92.113004,5,366.3101806640625,3,468.459840181401,0.8999999761581421,0.8500873886886121,105.1171875,109.31201171875,110.2393112182617,20,15.19852334111546
2016-11-04 12:11:04.00,2016-11-04 07:11:04.00,402.4498573541641,46.801132,-92.112938,5,365.0482177734375,3,473.5532212999216,0.9800000190734863,0.8500873886886121,105.1171875,112.1753540039062,113.102653503418,20,36.66072028388935
2016-11-04 12:11:05.16,2016-11-04 07:11:05.16,402.4498573541641,46.801132,-92.112938,5,365.0482177734375,3,473.5532212999216,0.9800000190734863,0.9974133615819932,105.1171875,112.1753540039062,113.102653503418,20,36.66072028388935
2016-11-04 12:11:08.00,2016-11-04 07:11:08.00,406.4499256014824,46.801122,-92.112864,5,364.4505615234375,3,479.243033821834,1.220000028610229,0.9974133615819932,101.6015625,102.8966293334961,103.8239288330078,20,-88.85790000875981
2016-11-04 12:11:12.00,2016-11-04 07:11:12.00,410.450060904026,46.801115,-92.112793,5,364.0280151367188,3,484.7225783918138,1.269999980926514,0.9974133615819932,91.40625,86.86940002441406,87.79669952392578,20,-20.66295639403901
2016-11-04 12:11:16.00,2016-11-04 07:11:16.00,414.4500053524971,46.801117,-92.112720,5,364.320068359375,3,490.2774354424682,1.360000014305115,0.9974133615819932,78.75,89.28971099853516,90.21701049804688,20,-13.39175526173414
2016-11-04 12:11:20.15,2016-11-04 07:11:20.15,414.4500053524971,46.801117,-92.112720,5,363.6377563476562,3,490.2774354424682,1.360000014305115,1.213333328564962,78.75,89.28971099853516,90.21701049804688,20,-13.39175526173414
2016-11-04 12:11:21.00,2016-11-04 07:11:21.00,419.4500053524971,46.801128,-92.112644,5,363.4061279296875,3,496.2241876084217,1.100000023841858,1.213333328564962,81.9140625,79.90757751464844,80.83487701416016,20,-12.10943041843288
2016-11-04 12:11:25.00,2016-11-04 07:11:25.00,423.4500048160553,46.801139,-92.112576,5,363.38427734375,3,501.5600799755906,1.25,1.213333328564962,71.71875,78.24691009521484,79.17420959472656,20,-12.41666449960714
2016-11-04 12:11:30.00,2016-11-04 07:11:30.00,428.4500050544739,46.801159,-92.112508,5,362.052490234375,3,507.206865710586,1.169999957084656,1.213333328564962,70.6640625,77.13414001464844,78.06143951416016,20,-11.06319692143154
2016-11-04 12:11:35.00,2016-11-04 07:11:35.00,433.4500052332878,46.801173,-92.112432,5,361.94873046875,3,513.2027810521582,1.200000047683716,1.213333328564962,75.9375,75.80632781982422,76.73362731933594,20,-10.70955835188243
2016-11-04 12:11:35.15,2016-11-04 07:11:35.15,433.4500052332878,46.801173,-92.112432,5,362.4022216796875,3,513.2027810521582,1.200000047683716,1.214603585470385,75.9375,75.80632781982422,76.73362731933594,20,-10.70955835188243
2016-11-04 12:11:40.00,2016-11-04 07:11:40.00,438.450004696846,46.801185,-92.112362,5,362.0848388671875,3,518.676552904456,1.179999947547913,1.214603585470385,66.09375,77.80527496337891,78.73257446289062,20,-12.56039817431727
2016-11-04 12:11:44.00,2016-11-04 07:11:44.00,442.450004696846,46.801208,-92.112301,5,362.098876953125,3,523.9920921432857,1.360000014305115,1.214603585470385,55.1953125,64.54105377197266,65.46835327148438,20,-15.19738476190727
2016-11-04 12:11:48.00,2016-11-04 07:11:48.00,446.4500044584274,46.801238,-92.112246,5,361.7645263671875,3,529.3634169123103,1.279999971389771,1.214603585470385,63.28125,58.40802001953125,59.3353157043457,20,-17.63800981987168
2016-11-04 12:11:50.15,2016-11-04 07:11:50.15,446.4500044584274,46.801238,-92.112246,5,361.7673950195312,3,529.3634169123103,1.279999971389771,1.283978538416394,63.28125,58.40802001953125,59.3353157043457,20,-17.63800981987168
2016-11-04 12:11:53.00,2016-11-04 07:11:53.00,451.4500053524971,46.801274,-92.112199,5,360.96435546875,3,534.7355824616122,1.059999942779541,1.283978538416394,62.9296875,64.44789123535156,65.37519073486328,20,-16.58440028638683
2016-11-04 12:11:58.00,2016-11-04 07:11:58.00,456.4500054121017,46.801306,-92.112152,5,360.6937255859375,3,539.846667426069,1.120000004768372,1.283978538416394,63.28125,49.26688385009766,50.19417953491211,20,-15.91294288134861
2016-11-04 12:12:04.00,2016-11-04 07:12:04.00,462.4500052332878,46.801339,-92.112102,5,360.1572265625,3,545.1041115955492,0.9700000286102295,1.283978538416394,58.7109375,45.66976928710938,46.59706497192383,20,-17.79700209167629
2016-11-04 12:12:05.16,2016-11-04 07:12:05.16,462.4500052332878,46.801339,-92.112102,5,360.1572265625,3,545.1041115955492,0.9700000286102295,0.9233333468437195,58.7109375,45.66976928710938,46.59706497192383,20,-17.79700209167629
2016-11-04 12:12:10.00,2016-11-04 07:12:10.00,468.4500049948692,46.801369,-92.112050,5,360.681884765625,3,550.3080215178558,1.019999980926514,0.9233333468437195,45.703125,45.66866302490234,46.5959587097168,20,-18.33349905430934
2016-11-04 12:12:15.00,2016-11-04 07:12:15.00,473.4500053524971,46.801404,-92.112002,5,361.415771484375,3,555.5894645790609,1.070000052452087,0.9233333468437195,45.703125,51.89346694946289,52.82076263427734,20,-23.53338574492306
2016-11-04 12:12:20.00,2016-11-04 07:12:20.00,478.4500056505203,46.801441,-92.111949,5,362.5606689453125,3,561.4064482241469,1.049999952316284,0.9233333468437195,49.921875,58.87316513061523,59.80046081542969,20,-128.9405260959626
2016-11-04 12:12:20.16,2016-11-04 07:12:20.16,478.4500056505203,46.801441,-92.111949,5,362.2918701171875,3,561.4064482241469,1.049999952316284,1.161166078245786,49.921875,58.87316513061523,59.80046081542969,20,-128.9405260959626
2016-11-04 12:12:25.00,2016-11-04 07:12:25.00,483.4500054717064,46.801473,-92.111899,5,362.8876953125,3,566.5676559951795,1.029999971389771,1.161166078245786,50.625,58.48507690429688,59.41237258911133,20,25.53844626718574
2016-11-04 12:12:30.00,2016-11-04 07:12:30.00,488.4500048160553,46.801504,-92.111850,5,364.0045166015625,3,571.6716667902052,0.9900000095367432,1.161166078245786,67.5,70.18866729736328,71.115966796875,20,12.76037423743578
2016-11-04 12:12:35.00,2016-11-04 07:12:35.00,493.450005531311,46.801519,-92.111774,5,363.146484375,3,577.6690884539571,1.080000042915344,1.161166078245786,85.4296875,109.4929885864258,110.4202880859375,20,10.83552387081036
2016-11-04 12:12:35.15,2016-11-04 07:12:35.15,493.450005531311,46.801519,-92.111774,5,363.1392822265625,3,577.6690884539571,1.080000042915344,1.177736053971195,85.4296875,109.4929885864258,110.4202880859375,20,10.83552387081036
2016-11-04 12:12:39.00,2016-11-04 07:12:39.00,497.4500043988228,46.801513,-92.111700,5,363.3945922851562,3,583.4047554239922,1.230000019073486,1.177736053971195,99.140625,104.7861633300781,105.7134628295898,20,10.96055569684537
2016-11-04 12:12:43.00,2016-11-04 07:12:43.00,501.4500047564507,46.801507,-92.111623,5,363.390869140625,3,589.255802080537,1.149999976158142,1.177736053971195,97.3828125,109.6030807495117,110.5303802490234,20,12.40999967009077
2016-11-04 12:12:47.00,2016-11-04 07:12:47.00,505.4500051140785,46.801496,-92.111549,5,363.4761962890625,3,595.0048398384785,1.200000047683716,1.177736053971195,97.3828125,107.9563522338867,108.8836517333984,20,15.3362038476082
2016-11-04 12:12:50.15,2016-11-04 07:12:50.15,505.4500051140785,46.801496,-92.111549,5,363.5931396484375,3,595.0048398384785,1.200000047683716,1.269082590138137,97.3828125,107.9563522338867,108.8836517333984,20,15.3362038476082
2016-11-04 12:12:51.00,2016-11-04 07:12:51.00,509.450004696846,46.801483,-92.111479,5,363.0748291015625,3,600.5588837650635,1.139999985694885,1.269082590138137,99.84375,104.0815658569336,105.0088653564453,20,23.32635430133115
2016-11-04 12:12:55.00,2016-11-04 07:12:55.00,513.4500044584274,46.801472,-92.111413,5,362.5145874023438,3,605.7069486378309,1.190000057220459,1.269082590138137,102.65625,102.3227615356445,103.2500610351562,20,64.1470368756077
2016-11-04 12:12:59.00,2016-11-04 07:12:59.00,517.4500057697296,46.801463,-92.111346,5,362.334716796875,3,610.9764059155756,1.25,1.269082590138137,95.625,96.86229705810547,97.78959655761719,20,-111.7701221905925
2016-11-04 12:13:03.00,2016-11-04 07:13:03.00,521.4500051140785,46.801453,-92.111277,5,362.0170288085938,3,616.3325740709347,1.179999947547913,1.269082590138137,97.734375,98.20573425292969,99.13303375244141,20,-41.25463083461744
2016-11-04 12:13:05.15,2016-11-04 07:13:05.15,521.4500051140785,46.801453,-92.111277,5,361.6549072265625,3,616.3325740709347,1.179999947547913,1.242296903998737,97.734375,98.20573425292969,99.13303375244141,20,-41.25463083461744
2016-11-04 12:13:07.00,2016-11-04 07:13:07.00,525.4500053524971,46.801442,-92.111203,5,361.0655517578125,3,622.1316724221869,1.210000038146973,1.242296903998737,96.6796875,100.3993148803711,101.3266143798828,20,-26.41246506351747
2016-11-04 12:13:12.00,2016-11-04 07:13:12.00,530.4500050544739,46.801440,-92.111131,5,359.6707763671875,3,627.6145129591233,1.279999971389771,1.242296903998737,98.4375,101.2134475708008,102.1407470703125,20,-16.73529530628419
2016-11-04 12:13:17.00,2016-11-04 07:13:17.00,535.4500047564507,46.801441,-92.111060,5,359.6138305664062,3,633.0068179063217,1.289999961853027,1.242296903998737,102.3046875,95.48738861083984,96.41468811035156,20,-11.01994612053334
2016-11-04 12:13:20.15,2016-11-04 07:13:20.15,535.4500047564507,46.801441,-92.111060,5,359.3739013671875,3,633.0068179063217,1.289999961853027,1.434015163455946,102.3046875,95.48738861083984,96.41468811035156,20,-11.01994612053334
2016-11-04 12:13:21.00,2016-11-04 07:13:21.00,539.4500050544739,46.801442,-92.110989,5,359.2108154296875,3,638.3857049666033,1.360000014305115,1.434015163455946,92.8125,107.9328918457031,108.8601913452148,20,-9.589408640732987
2016-11-04 12:13:25.00,2016-11-04 07:13:25.00,543.4500054121017,46.801439,-92.110914,5,358.986328125,3,644.1245208070211,1.370000004768372,1.434015163455946,88.9453125,92.1263427734375,93.05364227294922,20,-10.20052339462616
2016-11-04 12:13:30.00,2016-11-04 07:13:30.00,548.4500043392181,46.801446,-92.110835,5,357.948974609375,3,650.2294209978247,1.25,1.434015163455946,89.6484375,92.97327423095703,93.90057373046875,20,-9.782084386028675
2016-11-04 12:13:34.00,2016-11-04 07:13:34.00,552.4500044584274,46.801446,-92.110764,5,359.2388916015625,3,655.6442932347626,1.320000052452087,1.434015163455946,91.0546875,95.38716888427734,96.31446838378906,20,-9.951650182851212
2016-11-04 12:13:35.15,2016-11-04 07:13:35.15,552.4500044584274,46.801446,-92.110764,5,359.2388916015625,3,655.6442932347626,1.320000052452087,1.328465895232102,91.0546875,95.38716888427734,96.31446838378906,20,-9.951650182851212
2016-11-04 12:13:39.00,2016-11-04 07:13:39.00,557.4500050544739,46.801450,-92.110684,5,359.326904296875,3,661.7106014013208,1.169999957084656,1.328465895232102,81.9140625,87.66217803955078,88.5894775390625,20,-14.28704524339509
2016-11-04 12:13:44.00,2016-11-04 07:13:44.00,562.4500049352646,46.801458,-92.110611,5,359.6162109375,3,667.3717657341062,1.080000042915344,1.328465895232102,84.375,110.5978622436523,111.5251617431641,20,-36.86170947707022
2016-11-04 12:13:48.00,2016-11-04 07:13:48.00,566.450004696846,46.801451,-92.110540,5,359.27587890625,3,672.8157526333648,1.210000038146973,1.328465895232102,100.546875,126.3728408813477,127.3001403808594,20,-104.641386991273
2016-11-04 12:13:50.15,2016-11-04 07:13:50.15,566.450004696846,46.801451,-92.110540,5,359.1923828125,3,672.8157526333648,1.210000038146973,1.222232366442438,100.546875,126.3728408813477,127.3001403808594,20,-104.641386991273
2016-11-04 12:13:53.00,2016-11-04 07:13:53.00,571.4500049352646,46.801437,-92.110477,5,358.1376953125,3,677.8895881740154,0.7300000190734863,1.222232366442438,118.828125,140.9708709716797,141.8981628417969,20,-129.6160533039568
2016-11-04 12:14:00.00,2016-11-04 07:14:00.00,578.4500059485435,46.801407,-92.110420,5,357.3687744140625,3,683.3377216097114,0.7900000214576721,1.222232366442438,128.3203125,144.3393249511719,145.2666168212891,20,-38.62448892298552
2016-11-04 12:14:05.15,2016-11-04 07:14:05.15,578.4500059485435,46.801407,-92.110420,5,356.3941650390625,3,683.3377216097114,0.7900000214576721,0.7999999721844991,128.3203125,144.3393249511719,145.2666168212891,20,-38.62448892298552
2016-11-04 12:14:08.00,2016-11-04 07:14:08.00,586.4500052332878,46.801378,-92.110358,5,355.9234619140625,3,689.0686620301427,0.8799999952316284,0.7999999721844991,127.6171875,154.4436798095703,155.3709716796875,20,-12.7591104532175
2016-11-04 12:14:14.00,2016-11-04 07:14:14.00,592.4500048160553,46.801339,-92.110303,5,354.6339111328125,3,695.1617137863121,1.059999942779541,0.7999999721844991,142.3828125,157.3695983886719,158.2968902587891,20,-7.534674612383665
2016-11-04 12:14:19.00,2016-11-04 07:14:19.00,597.450005710125,46.801295,-92.110260,5,353.8645629882812,3,700.9553578282004,0.8500000238418579,0.7999999721844991,140.2734375,163.9944305419922,164.9217224121094,20,-5.721293085198432
2016-11-04 12:14:20.15,2016-11-04 07:14:20.15,597.450005710125,46.801295,-92.110260,5,353.8645629882812,3,700.9553578282004,0.8500000238418579,1.082138229150364,140.2734375,163.9944305419922,164.9217224121094,20,-5.721293085198432
2016-11-04 12:14:24.00,2016-11-04 07:14:24.00,602.450004696846,46.801246,-92.110256,5,352.77783203125,4,706.5077751494125,1.230000019073486,1.082138229150364,155.0390625,166.0480194091797,166.9753112792969,20,-5.36075926833928
2016-11-04 12:14:28.00,2016-11-04 07:14:28.00,606.4500054121017,46.801200,-92.110236,5,352.1416625976562,4,711.8258627891424,1.370000004768372,1.082138229150364,161.015625,173.4554138183594,174.3827056884766,20,-5.785595901130643
2016-11-04 12:14:32.00,2016-11-04 07:14:32.00,610.4500058889389,46.801155,-92.110224,5,351.5421142578125,4,716.9254472449477,1.340000033378601,1.082138229150364,172.265625,164.7812347412109,165.7085266113281,20,-6.148364564139068
2016-11-04 12:14:35.15,2016-11-04 07:14:35.15,610.4500058889389,46.801155,-92.110224,5,351.1939697265625,4,716.9254472449477,1.340000033378601,1.339704282365009,172.265625,164.7812347412109,165.7085266113281,20,-6.148364564139068
2016-11-04 12:14:36.00,2016-11-04 07:14:36.00,614.4500050544739,46.801104,-92.110205,5,350.8685913085938,4,722.7857494516858,1.360000014305115,1.339704282365009,159.2578125,156.9542083740234,157.8815002441406,20,-6.694053790729495
2016-11-04 12:14:40.00,2016-11-04 07:14:40.00,618.4500042796135,46.801053,-92.110179,5,350.1480712890625,3,728.7544859889769,1.409999966621399,1.339704282365009,163.828125,174.1808319091797,175.1081237792969,20,-7.117969542139186
2016-11-04 12:14:44.00,2016-11-04 07:14:44.00,622.4500045180321,46.801007,-92.110165,5,350.4884033203125,3,734.047887694452,1.320000052452087,1.339704282365009,162.7734375,170.3991546630859,171.3264465332031,20,-7.401806584453356
2016-11-04 12:14:48.00,2016-11-04 07:14:48.00,626.4500048160553,46.800959,-92.110148,5,349.391845703125,3,739.4868945772093,1.379999995231628,1.339704282365009,157.5,170.4982757568359,171.4255676269531,20,-8.119462415743268
2016-11-04 12:14:50.16,2016-11-04 07:14:50.16,626.4500048160553,46.800959,-92.110148,5,348.5728149414062,3,739.4868945772093,1.379999995231628,1.365064877226574,157.5,170.4982757568359,171.4255676269531,20,-8.119462415743268
2016-11-04 12:14:52.00,2016-11-04 07:14:52.00,630.4500054121017,46.800910,-92.110126,5,348.3802490234375,3,745.2075807432674,1.429999947547913,1.365064877226574,170.15625,180.1656341552734,181.0929260253906,20,-8.904906304309616
2016-11-04 12:14:56.00,2016-11-04 07:14:56.00,634.4500050544739,46.800865,-92.110112,5,348.0996704101562,3,750.3521351724812,0.6000000238418579,1.365064877226574,170.5078125,173.2613372802734,174.1886291503906,20,-8.893714337917746
2016-11-04 12:15:01.00,2016-11-04 07:15:01.00,639.4500048160553,46.800814,-92.110103,5,348.2808837890625,4,756.0220684759045,1.299999952316284,1.365064877226574,180,166.3913421630859,167.3186340332031,20,-9.938537254883528
2016-11-04 12:15:05.00,2016-11-04 07:15:05.00,643.4500051140785,46.800768,-92.110089,5,347.56787109375,4,761.2966658530124,1.519999980926514,1.365064877226574,169.8046875,166.5381011962891,167.4653930664062,20,-11.48953979019466
2016-11-04 12:15:05.16,2016-11-04 07:15:05.16,643.4500051140785,46.800768,-92.110089,5,347.9666748046875,4,761.2966658530124,1.519999980926514,1.264047300587634,169.8046875,166.5381011962891,167.4653930664062,20,-11.48953979019466
2016-11-04 12:15:09.00,2016-11-04 07:15:09.00,647.4500046372414,46.800717,-92.110063,5,346.2028198242188,3,767.3256333461381,1.350000023841858,1.264047300587634,155.0390625,152.5357360839844,153.4630279541016,20,-10.64274356708315
2016-11-04 12:15:13.00,2016-11-04 07:15:13.00,651.4500042796135,46.800677,-92.110023,5,346.5599975585938,3,772.6767397569531,1.269999980926514,1.264047300587634,136.0546875,141.5700073242188,142.4972991943359,20,-10.45228722317796
2016-11-04 12:15:18.00,2016-11-04 07:15:18.00,656.4500052928925,46.800654,-92.109952,5,345.773193359375,3,778.6861984055466,1.419999957084656,1.264047300587634,116.3671875,120.5905990600586,121.5178985595703,20,-10.61076425797397
2016-11-04 12:15:20.15,2016-11-04 07:15:20.15,656.4500052928925,46.800654,-92.109952,5,345.6757202148438,3,778.6861984055466,1.419999957084656,1.406515480320552,116.3671875,120.5905990600586,121.5178985595703,20,-10.61076425797397
2016-11-04 12:15:22.00,2016-11-04 07:15:22.00,660.4500049948692,46.800646,-92.109872,5,345.614501953125,3,784.827242222634,1.269999980926514,1.406515480320552,99.4921875,102.2784881591797,103.2057876586914,20,-11.64732387642622
2016-11-04 12:15:25.00,2016-11-04 07:15:25.00,663.4500051140785,46.800641,-92.109801,5,344.6861572265625,3,790.2662491053914,1.509999990463257,1.406515480320552,99.4921875,106.1415786743164,107.0688781738281,20,-12.59799577626062
2016-11-04 12:15:29.00,2016-11-04 07:15:29.00,667.4500051140785,46.800636,-92.109727,5,344.80078125,3,795.9385715935418,1.320000052452087,1.406515480320552,96.6796875,100.2748947143555,101.2021942138672,20,-13.46943196868452
2016-11-04 12:15:33.00,2016-11-04 07:15:33.00,671.450005531311,46.800630,-92.109659,5,344.4624633789062,3,801.1163791446576,1.289999961853027,1.406515480320552,96.328125,90.48046112060547,91.40776062011719,20,-12.87255347551293
2016-11-04 12:15:35.15,2016-11-04 07:15:35.15,671.450005531311,46.800630,-92.109659,5,344.763671875,3,801.1163791446576,1.289999961853027,1.259409873675904,96.328125,90.48046112060547,91.40776062011719,20,-12.87255347551293
2016-11-04 12:15:37.00,2016-11-04 07:15:37.00,675.4500055909157,46.800629,-92.109585,5,344.9542236328125,3,806.7583638706499,1.320000052452087,1.259409873675904,89.296875,88.23102569580078,89.1583251953125,20,-14.5991920288006
2016-11-04 12:15:41.00,2016-11-04 07:15:41.00,679.4500049352646,46.800636,-92.109516,5,345.633056640625,3,812.0594390303183,1.259999990463257,1.259409873675904,89.296875,98.94680786132812,99.87410736083984,20,-23.16223448776682
2016-11-04 12:15:45.00,2016-11-04 07:15:45.00,683.4500053524971,46.800642,-92.109444,5,346.8382568359375,3,817.5947481362972,1.289999961853027,1.259409873675904,89.296875,81.71453094482422,82.64183044433594,20,-64.81521289427101
2016-11-04 12:15:49.00,2016-11-04 07:15:49.00,687.4500056505203,46.800645,-92.109373,5,346.6497802734375,3,823.0676948175867,1.370000004768372,1.259409873675904,89.6484375,83.83953857421875,84.76683807373047,20,1247.619556464317
2016-11-04 12:15:50.16,2016-11-04 07:15:50.16,687.4500056505203,46.800645,-92.109373,5,346.6497802734375,3,823.0676948175867,1.370000004768372,1.365417951635591,89.6484375,83.83953857421875,84.76683807373047,20,1247.619556464317
2016-11-04 12:15:53.00,2016-11-04 07:15:53.00,691.4500042796135,46.800649,-92.109300,5,347.3074951171875,3,828.6371678015466,1.340000033378601,1.365417951635591,89.6484375,84.60487365722656,85.53217315673828,20,46.94627733625099
2016-11-04 12:15:57.00,2016-11-04 07:15:57.00,695.4500043988228,46.800650,-92.109231,5,347.4495849609375,3,833.9083390026666,1.289999961853027,1.365417951635591,89.6484375,83.02069854736328,83.947998046875,20,24.83915898787688
2016-11-04 12:16:01.00,2016-11-04 07:16:01.00,699.450005531311,46.800649,-92.109160,5,347.570556640625,3,839.2611331934986,1.25,1.365417951635591,87.890625,83.74846649169922,84.67576599121094,20,17.29753368411092
2016-11-04 12:16:05.00,2016-11-04 07:16:05.00,703.4500044584274,46.800651,-92.109088,5,347.755615234375,3,844.7538497646235,1.309999942779541,1.365417951635591,87.5390625,90.79885864257812,91.72615814208984,20,14.80890742481882
2016-11-04 12:16:05.15,2016-11-04 07:16:05.15,703.4500044584274,46.800651,-92.109088,5,347.5018310546875,3,844.7538497646235,1.309999942779541,1.310867392908761,87.5390625,90.79885864257812,91.72615814208984,20,14.80890742481882
2016-11-04 12:16:09.00,2016-11-04 07:16:09.00,707.4500054717064,46.800650,-92.109013,5,348.0355224609375,3,850.5115226630003,1.350000023841858,1.310867392908761,97.3828125,115.6365661621094,116.5638656616211,20,15.01389362176715
2016-11-04 12:16:14.00,2016-11-04 07:16:14.00,712.4500049352646,46.800650,-92.108934,5,347.0540771484375,3,856.5352439903676,1.399999976158142,1.310867392908761,91.7578125,107.5328216552734,108.4601211547852,20,20.60593259046756
2016-11-04 12:16:18.00,2016-11-04 07:16:18.00,716.4500045776367,46.800643,-92.108863,5,346.4783935546875,3,862.0139642587902,1.460000038146973,1.310867392908761,100.546875,113.4117813110352,114.3390808105469,20,41.72617143785023
2016-11-04 12:16:20.16,2016-11-04 07:16:20.16,716.4500045776367,46.800643,-92.108863,5,346.4417114257812,3,862.0139642587902,1.460000038146973,1.357280447612695,100.546875,113.4117813110352,114.3390808105469,20,41.72617143785023
2016-11-04 12:16:22.00,2016-11-04 07:16:22.00,720.450005531311,46.800636,-92.108792,5,346.5926513671875,3,867.4703813140421,1.330000042915344,1.357280447612695,102.65625,115.9465560913086,116.8738555908203,20,291.2489067502622
2016-11-04 12:16:26.00,2016-11-04 07:16:26.00,724.4500045776367,46.800625,-92.108722,5,347.0755615234375,3,872.9085577506715,1.490000009536743,1.357280447612695,98.4375,107.32421875,108.2515182495117,20,-170.5654333795764
2016-11-04 12:16:30.00,2016-11-04 07:16:30.00,728.4500053524971,46.800614,-92.108648,5,346.9391479492188,3,878.6489473785426,1.309999942779541,1.357280447612695,99.84375,111.2361450195312,112.163444519043,20,-95.14941671398594
2016-11-04 12:16:34.00,2016-11-04 07:16:34.00,732.4500052928925,46.800605,-92.108579,5,347.1124877929688,3,884.0051155339017,1.399999976158142,1.357280447612695,102.3046875,113.1938629150391,114.1211624145508,20,-81.67596939152584
2016-11-04 12:16:35.15,2016-11-04 07:16:35.15,732.4500052928925,46.800605,-92.108579,5,347.1124877929688,3,884.0051155339017,1.399999976158142,1.341881995460751,102.3046875,113.1938629150391,114.1211624145508,20,-81.67596939152584
2016-11-04 12:16:39.00,2016-11-04 07:16:39.00,737.4500050544739,46.800585,-92.108512,5,346.9481811523438,3,889.6045125697921,1.009999990463257,1.341881995460751,106.5234375,122.7874908447266,123.7147903442383,20,-53.51683919025891
2016-11-04 12:16:44.00,2016-11-04 07:16:44.00,742.4500052332878,46.800551,-92.108460,5,347.030517578125,3,895.0410277336053,1.240000009536743,1.341881995460751,130.078125,149.0742034912109,150.0014953613281,20,-71.97829239897065
2016-11-04 12:16:49.00,2016-11-04 07:16:49.00,747.450005531311,46.800507,-92.108422,5,347.1900634765625,3,900.801837473892,1.289999961853027,1.341881995460751,146.953125,148.7165679931641,149.6438598632812,20,1355.714903118881
2016-11-04 12:16:50.16,2016-11-04 07:16:50.16,747.450005531311,46.800507,-92.108422,5,347.1900634765625,3,900.801837473892,1.289999961853027,1.265262601459116,146.953125,148.7165679931641,149.6438598632812,20,1355.714903118881
2016-11-04 12:16:54.00,2016-11-04 07:16:54.00,752.4500051140785,46.800459,-92.108395,5,347.3353271484375,3,906.4582130019297,1.25,1.265262601459116,151.5234375,154.4556732177734,155.3829650878906,20,86.63686529853642
2016-11-04 12:16:59.00,2016-11-04 07:16:59.00,757.450004696846,46.800408,-92.108385,5,347.6158447265625,3,912.2378080412255,1.419999957084656,1.265262601459116,154.3359375,155.26513671875,156.1924285888672,20,67.54667421328418
2016-11-04 12:17:04.00,2016-11-04 07:17:04.00,762.4500052332878,46.800357,-92.108365,5,347.5287475585938,3,918.1011921846514,1.330000042915344,1.265262601459116,164.53125,155.7006378173828,156.6279296875,20,57.5917512873452
2016-11-04 12:17:05.15,2016-11-04 07:17:05.15,762.4500052332878,46.800357,-92.108365,5,347.5287475585938,3,918.1011921846514,1.330000042915344,1.293065352377229,164.53125,155.7006378173828,156.6279296875,20,57.5917512873452
2016-11-04 12:17:08.00,2016-11-04 07:17:08.00,766.4500048160553,46.800313,-92.108347,5,347.70849609375,3,923.2536417485064,1.289999961853027,1.293065352377229,161.71875,161.5165863037109,162.4438781738281,20,45.38904284761053
2016-11-04 12:17:12.00,2016-11-04 07:17:12.00,770.4500053524971,46.800267,-92.108321,5,347.60986328125,3,928.751289683699,1.289999961853027,1.293065352377229,165.234375,167.0862579345703,168.0135498046875,20,49.6174925845898
2016-11-04 12:17:16.00,2016-11-04 07:17:16.00,774.4500039815903,46.800218,-92.108296,5,348.1723022460938,3,934.4601211305875,1.340000033378601,1.293065352377229,161.3671875,183.5906066894531,184.5178985595703,20,42.17396261632074
2016-11-04 12:17:20.15,2016-11-04 07:17:20.15,774.4500039815903,46.800218,-92.108296,5,347.9972534179688,3,934.4601211305875,1.340000033378601,1.265892445414389,161.3671875,183.5906066894531,184.5178985595703,20,42.17396261632074
2016-11-04 12:17:21.00,2016-11-04 07:17:21.00,779.4500045180321,46.800166,-92.108274,5,347.8745727539062,3,940.5531728867569,1.220000028610229,1.265892445414389,169.453125,191.1532440185547,192.0805358886719,20,38.58165592757214
2016-11-04 12:17:25.00,2016-11-04 07:17:25.00,783.4500041604042,46.800120,-92.108280,5,347.27001953125,3,945.6889407093367,1.279999971389771,1.265892445414389,191.25,224.6105194091797,225.5378112792969,20,63.92226329728781
2016-11-04 12:17:29.00,2016-11-04 07:17:29.00,787.4500053524971,46.800086,-92.108333,5,347.9205322265625,3,951.2478615962584,1.240000009536743,1.265892445414389,220.4296875,242.3346252441406,243.2619171142578,20,179.4329557324887
2016-11-04 12:17:33.00,2016-11-04 07:17:33.00,791.4500048756599,46.800065,-92.108393,5,347.1932373046875,3,956.3695394942848,1.149999976158142,1.265892445414389,243.28125,253.2336883544922,254.1609802246094,20,-799.4956614174466
2016-11-04 12:17:35.15,2016-11-04 07:17:35.15,791.4500048756599,46.800065,-92.108393,5,346.7374267578125,3,956.3695394942848,1.149999976158142,1.18062947348027,243.28125,253.2336883544922,254.1609802246094,20,-799.4956614174466
2016-11-04 12:17:37.00,2016-11-04 07:17:37.00,795.4500052332878,46.800056,-92.108461,5,346.6563110351562,3,961.5890481824025,1.159999966621399,1.18062947348027,255.9375,263.8508911132812,264.7781982421875,20,-93.15457913466101
2016-11-04 12:17:41.00,2016-11-04 07:17:41.00,799.4500049352646,46.800054,-92.108530,5,346.29248046875,3,966.8909752625522,1.240000009536743,1.18062947348027,258.75,276.6379089355469,277.5652160644531,20,-41.36855170848188
2016-11-04 12:17:45.00,2016-11-04 07:17:45.00,803.4500052332878,46.800058,-92.108602,5,345.3365478515625,3,972.3779329740096,1.149999976158142,1.18062947348027,279.84375,301.9754028320312,302.9027099609375,20,-25.87929612633639
2016-11-04 12:17:49.00,2016-11-04 07:17:49.00,807.4500048160553,46.800069,-92.108670,5,345.1925048828125,3,977.7155179319799,1.269999980926514,1.18062947348027,275.9765625,304.9217834472656,305.8490905761719,20,-18.23587429647331
2016-11-04 12:17:50.15,2016-11-04 07:17:50.15,807.4500048160553,46.800069,-92.108670,5,345.1925048828125,3,977.7155179319799,1.269999980926514,1.281213907188352,275.9765625,304.9217834472656,305.8490905761719,20,-18.23587429647331
2016-11-04 12:17:54.00,2016-11-04 07:17:54.00,812.4500059485435,46.800081,-92.108750,5,345.6193237304688,3,983.9695183279415,1.230000019073486,1.281213907188352,276.6796875,304.0166320800781,304.9439392089844,20,-16.83992192870752
2016-11-04 12:17:58.00,2016-11-04 07:17:58.00,816.4500047564507,46.800095,-92.108820,5,345.6314086914062,3,989.5300639177728,1.25,1.281213907188352,278.7890625,303.9867248535156,304.9140319824219,20,-19.56910237723697
2016-11-04 12:18:02.00,2016-11-04 07:18:02.00,820.4500050544739,46.800109,-92.108887,5,345.565185546875,3,994.8080852468007,1.179999947547913,1.281213907188352,283.7109375,312.3471069335938,313.2744140625,20,-21.32645128343685
2016-11-04 12:18:05.15,2016-11-04 07:18:05.15,820.4500050544739,46.800109,-92.108887,5,345.4132080078125,3,994.8080852468007,1.179999947547913,1.236666639645894,283.7109375,312.3471069335938,313.2744140625,20,-21.32645128343685
2016-11-04 12:18:06.00,2016-11-04 07:18:06.00,824.4500042200089,46.800122,-92.108956,5,345.2359619140625,3,1000.302446097732,1.269999980926514,1.236666639645894,280.8984375,306.923095703125,307.8504028320312,20,-22.20600716140373
2016-11-04 12:18:10.00,2016-11-04 07:18:10.00,828.4500047564507,46.800132,-92.109029,5,345.5166015625,3,1006.000190886875,1.289999961853027,1.236666639645894,284.4140625,299.5613708496094,300.4886779785156,20,-27.5790021164613
2016-11-04 12:18:14.00,2016-11-04 07:18:14.00,832.450005531311,46.800145,-92.109102,5,344.6748657226562,3,1011.693177641962,1.340000033378601,1.236666639645894,285.46875,307.4731140136719,308.4004211425781,20,-36.25588197813687
2016-11-04 12:18:18.00,2016-11-04 07:18:18.00,836.4515161514282,46.800155,-92.109170,5,344.4722290039062,3,1017.018055054823,1.299999952316284,1.236666639645894,284.4140625,298.2274169921875,299.1547241210938,20,-47.19709143623821
2016-11-04 12:18:20.16,2016-11-04 07:18:20.16,836.4515161514282,46.800155,-92.109170,5,344.2440185546875,3,1017.018055054823,1.299999952316284,1.301459618168059,284.4140625,298.2274169921875,299.1547241210938,20,-47.19709143623821
2016-11-04 12:18:22.00,2016-11-04 07:18:22.00,840.450020968914,46.800168,-92.109237,5,343.7244873046875,3,1022.33699189019,1.309999942779541,1.301459618168059,287.2265625,315.8578491210938,316.78515625,20,-36.50171504905276
2016-11-04 12:18:26.00,2016-11-04 07:18:26.00,844.4498945474625,46.800179,-92.109304,5,343.6254272460938,3,1027.586698830798,1.259999990463257,1.301459618168059,278.7890625,304.835693359375,305.7630004882812,20,-25.84489738339569
2016-11-04 12:18:30.00,2016-11-04 07:18:30.00,848.4499671459198,46.800189,-92.109373,5,343.311767578125,3,1032.944553171672,1.360000014305115,1.301459618168059,285.1171875,294.3096618652344,295.2369689941406,20,-18.73321701820174
2016-11-04 12:18:34.00,2016-11-04 07:18:34.00,852.4499669671059,46.800201,-92.109439,5,343.454833984375,3,1038.134558166195,1.299999952316284,1.301459618168059,283.359375,314.3434448242188,315.270751953125,20,-17.98825497698053
2016-11-04 12:18:35.15,2016-11-04 07:18:35.15,852.4499669671059,46.800201,-92.109439,5,343.454833984375,3,1038.134558166195,1.299999952316284,1.282598548023959,283.359375,314.3434448242188,315.270751953125,20,-17.98825497698053
2016-11-04 12:18:38.00,2016-11-04 07:18:38.00,856.4499670863152,46.800215,-92.109502,5,343.9711303710938,3,1043.179828607007,1.279999971389771,1.282598548023959,290.390625,318.2680053710938,319.1953125,20,-20.32748176485428
2016-11-04 12:18:42.00,2016-11-04 07:18:42.00,860.4499673843384,46.800234,-92.109567,5,344.14794921875,3,1048.566267341477,1.259999990463257,1.282598548023959,297.421875,313.1849670410156,314.1122741699219,20,-26.17657882094966
2016-11-04 12:18:47.00,2016-11-04 07:18:47.00,865.4499664306641,46.800260,-92.109633,5,344.2572021484375,3,1054.40262935873,1.100000023841858,1.282598548023959,307.96875,335.5048217773438,336.43212890625,20,-40.64046931151353
2016-11-04 12:18:50.15,2016-11-04 07:18:50.15,865.4499664306641,46.800260,-92.109633,5,344.4273681640625,3,1054.40262935873,1.100000023841858,1.141811561619524,307.96875,335.5048217773438,336.43212890625,20,-40.64046931151353
2016-11-04 12:18:52.00,2016-11-04 07:18:52.00,870.4499675631523,46.800283,-92.109705,5,345.095703125,3,1060.428599602109,1.059999942779541,1.141811561619524,303.3984375,329.6569519042969,330.5842590332031,20,502.5891238887745
2016-11-04 12:18:57.00,2016-11-04 07:18:57.00,875.4499664902687,46.800317,-92.109767,5,346.5441284179688,3,1066.494907768667,1.049999952316284,1.141811561619524,309.0234375,333.4930725097656,334.4203796386719,20,25.94409997927331
2016-11-04 12:19:02.00,2016-11-04 07:19:02.00,880.4499669075012,46.800352,-92.109826,5,347.1674194335938,3,1072.422642450148,1.090000033378601,1.141811561619524,308.3203125,311.2606506347656,312.1879577636719,20,13.00885360247367
2016-11-04 12:19:05.15,2016-11-04 07:19:05.15,880.4499669075012,46.800352,-92.109826,5,347.69873046875,3,1072.422642450148,1.090000033378601,1.126076516039184,308.3203125,311.2606506347656,312.1879577636719,20,13.00885360247367
2016-11-04 12:19:06.00,2016-11-04 07:19:06.00,884.4499669671059,46.800379,-92.109879,5,348.4075927734375,3,1077.430173917909,1.200000047683716,1.126076516039184,308.3203125,316.9754638671875,317.9027709960938,20,9.802146863432231
2016-11-04 12:19:11.00,2016-11-04 07:19:11.00,889.4499671459198,46.800403,-92.109940,5,348.068359375,3,1082.8617022146,1.200000047683716,1.126076516039184,306.2109375,313.1277160644531,314.0550231933594,20,8.643117894880831
2016-11-04 12:19:16.00,2016-11-04 07:19:16.00,894.449966609478,46.800430,-92.110011,5,348.1682739257812,3,1088.979166222729,1.230000019073486,1.126076516039184,306.2109375,314.6834411621094,315.6107482910156,20,8.868665873904948
2016-11-04 12:19:20.15,2016-11-04 07:19:20.15,894.449966609478,46.800430,-92.110011,5,347.9617919921875,3,1088.979166222729,1.230000019073486,1.137367327442735,306.2109375,314.6834411621094,315.6107482910156,20,8.868665873904948
2016-11-04 12:19:21.00,2016-11-04 07:19:21.00,899.4499669671059,46.800455,-92.110075,5,348.64892578125,3,1094.625951957725,1.139999985694885,1.137367327442735,297.0703125,309.2796020507812,310.2069091796875,20,9.232440847979387
2016-11-04 12:19:26.00,2016-11-04 07:19:26.00,904.4499663114548,46.800483,-92.110137,5,348.5909423828125,3,1100.299866676781,1.159999966621399,1.137367327442735,300.5859375,311.8746337890625,312.8019409179688,20,10.51401426974267
2016-11-04 12:19:31.00,2016-11-04 07:19:31.00,909.4499669671059,46.800512,-92.110199,5,348.424560546875,3,1105.99206003952,1.149999976158142,1.137367327442735,297.7734375,310.1773681640625,311.1046752929688,20,14.35186976739952
2016-11-04 12:19:35.15,2016-11-04 07:19:35.15,909.4499669671059,46.800512,-92.110199,5,348.43408203125,3,1105.99206003952,1.149999976158142,1.158060760170398,297.7734375,310.1773681640625,311.1046752929688,20,14.35186976739952
2016-11-04 12:19:36.00,2016-11-04 07:19:36.00,914.4499667882919,46.800540,-92.110259,5,348.5125732421875,3,1111.574492838522,1.100000023841858,1.158060760170398,305.5078125,323.7620544433594,324.6893615722656,20,26.5035439393626
2016-11-04 12:19:41.00,2016-11-04 07:19:41.00,919.4499667882919,46.800570,-92.110322,5,349.41162109375,3,1117.401561279789,1.100000023841858,1.158060760170398,300.9375,322.5341796875,323.4614868164062,20,41.04882131157611
2016-11-04 12:19:45.00,2016-11-04 07:19:45.00,923.4499671459198,46.800593,-92.110384,5,349.9732666015625,3,1122.764470996225,1.120000004768372,1.158060760170398,302.6953125,311.50048828125,312.4277954101562,20,31.10054539560294
2016-11-04 12:19:50.00,2016-11-04 07:19:50.00,928.4499667882919,46.800602,-92.110452,5,350.961669921875,3,1128.011596325199,1.120000004768372,1.158060760170398,297.7734375,296.6087341308594,297.5360412597656,20,17.03884540544553
2016-11-04 12:19:50.15,2016-11-04 07:19:50.15,928.4499667882919,46.800602,-92.110452,5,350.599609375,3,1128.011596325199,1.120000004768372,1.049999992052714,297.7734375,296.6087341308594,297.5360412597656,20,17.03884540544553
2016-11-04 12:19:55.00,2016-11-04 07:19:55.00,933.4499666690826,46.800621,-92.110519,5,352.163818359375,3,1133.585932770703,1.230000019073486,1.049999992052714,300.5859375,307.3146667480469,308.2419738769531,20,12.27088948640033
2016-11-04 12:20:00.00,2016-11-04 07:20:00.00,938.4499669671059,46.800652,-92.110581,5,352.3670654296875,3,1139.374897600057,1.190000057220459,1.049999992052714,296.015625,306.5304870605469,307.4577941894531,20,9.887312795373761
2016-11-04 12:20:04.00,2016-11-04 07:20:04.00,942.4499673843384,46.800678,-92.110644,5,351.5452880859375,3,1145.000849373129,1.230000019073486,1.049999992052714,303.3984375,319.4104614257812,320.3377685546875,20,9.856051546539611
2016-11-04 12:20:05.15,2016-11-04 07:20:05.15,942.4499673843384,46.800678,-92.110644,5,351.5452880859375,3,1145.000849373129,1.230000019073486,1.312817390381602,303.3984375,319.4104614257812,320.3377685546875,20,9.856051546539611
2016-11-04 12:20:08.00,2016-11-04 07:20:08.00,946.4499671459198,46.800707,-92.110708,5,351.21923828125,3,1150.865773877581,1.210000038146973,1.312817390381602,303.046875,323.2322692871094,324.1595764160156,20,11.72231806973392
2016-11-04 12:20:12.00,2016-11-04 07:20:12.00,950.4499664902687,46.800736,-92.110774,5,352.0869140625,3,1156.875984037294,1.210000038146973,1.312817390381602,306.5625,329.2929992675781,330.2203063964844,20,14.58581310439729
2016-11-04 12:20:16.00,2016-11-04 07:20:16.00,954.449966609478,46.800766,-92.110835,5,352.4332885742188,3,1162.524369201789,1.159999966621399,1.312817390381602,304.8046875,327.1701965332031,328.0975036621094,20,16.27945204954888
2016-11-04 12:20:20.00,2016-11-04 07:20:20.00,958.4499660134315,46.800797,-92.110890,5,351.5969848632812,3,1168.031866618635,1.240000009536743,1.312817390381602,310.078125,335.7413940429688,336.668701171875,20,20.54068890116466
2016-11-04 12:20:20.15,2016-11-04 07:20:20.15,958.4499660134315,46.800797,-92.110890,5,351.6116943359375,3,1168.031866618635,1.240000009536743,1.32902655218517,310.078125,335.7413940429688,336.668701171875,20,20.54068890116466
2016-11-04 12:20:24.00,2016-11-04 07:20:24.00,962.4499664902687,46.800826,-92.110942,5,352.164794921875,3,1173.14118395898,1.25,1.32902655218517,305.15625,332.3529663085938,333.2802734375,20,37.08254690727082
2016-11-04 12:20:28.00,2016-11-04 07:20:28.00,966.4499670863152,46.800853,-92.110996,5,352.4881591796875,3,1178.223024504147,1.220000028610229,1.32902655218517,309.0234375,331.1163330078125,332.0436401367188,20,137.8602166051305
2016-11-04 12:20:33.00,2016-11-04 07:20:33.00,971.4499665498734,46.800877,-92.111068,5,352.4169921875,3,1184.336795952027,1.240000009536743,1.32902655218517,311.1328125,326.7657775878906,327.6930847167969,20,197.3029296667244
2016-11-04 12:20:35.15,2016-11-04 07:20:35.15,971.4499665498734,46.800877,-92.111068,5,352.6258544921875,3,1184.336795952027,1.240000009536743,1.249365781287451,311.1328125,326.7657775878906,327.6930847167969,20,197.3029296667244
2016-11-04 12:20:38.00,2016-11-04 07:20:38.00,976.4499672651291,46.800910,-92.111126,5,352.519775390625,3,1190.044836208911,1.080000042915344,1.249365781287451,317.4609375,315.02001953125,315.9473266601562,20,49.89350193010249
2016-11-04 12:20:42.00,2016-11-04 07:20:42.00,980.4499672651291,46.800912,-92.111130,5,352.65380859375,3,1190.044836208911,0,1.249365781287451,317.4609375,322.8931274414062,323.8204345703125,20,30.2914210652792
2016-11-04 12:20:42.77,2016-11-04 07:20:42.77,980.4499672651291,46.800912,-92.111130,5,352.65380859375,3,1190.044836208911,0,0.8033333321412405,317.4609375,322.8931274414062,323.8204345703125,20,30.2914210652792
