0,345.8656
0.841188361,345.8843
1.682242224,345.9083
2.523341487,345.9205
3.364484454,345.9231
4.205583717,345.9283
5.046726683,345.925
5.99220003,345.9229
6.937631624,345.9075
7.883104971,345.9125
8.828536566,345.9344
9.773968161,345.9208
10.71944151,345.8718
11.71294352,345.8568
12.70637779,345.8839
13.6998798,345.8779
14.69331408,345.883
15.68681609,345.895
16.68022216,345.8605
17.65119984,345.8405
18.62205097,345.9147
19.59299696,345.9013
20.56384809,345.914
21.53479407,345.9053
22.50564521,345.878
23.37459384,345.8604
24.24340366,345.8904
25.11235229,345.8766
25.98121799,345.8878
26.85011074,345.9122
27.71905937,345.897
28.63919001,345.8679
29.55937911,345.8682
30.47950975,345.8795
31.39969884,345.8801
32.31982949,345.8874
33.24001858,345.8652
34.2373284,345.8217
35.23463822,345.831
36.23201451,345.8437
37.22939905,345.8269
38.22670887,345.8212
39.22401869,345.8481
40.16286041,345.8727
41.10162966,345.8783
42.04039891,345.8768
42.97930953,345.8801
43.91807878,345.88
44.85684803,345.9063
45.72133107,345.8936
46.58567436,345.9045
47.4501574,345.9082
48.3145007,345.9189
49.17898374,345.9064
50.04340776,345.9204
50.90781008,345.928
51.74445955,345.903
52.58110901,345.9473
53.4178181,345.964
54.25446757,345.9503
55.09111704,345.9518
55.9277665,345.9464
56.88785413,345.9443
57.84794176,345.9565
58.80802938,345.9941
59.76811701,345.9879
60.72828574,345.9746
61.68831488,345.9774
62.53927775,346.0158
63.39024061,346.0462
64.24120348,346.0713
65.09216635,346.1086
65.94320052,346.1714
66.79416339,346.2311
67.66755016,346.3099
68.54106234,346.3995
69.4145445,346.5184
70.28805668,346.62
71.16153883,346.6812
72.03502099,346.7189
72.90853317,346.7606
73.82666612,346.7814
74.74489694,346.8095
75.66312777,346.8259
76.58126071,346.8205
77.49949154,346.8286
78.41774283,346.8405
79.36299827,346.8661
80.3082537,346.8889
81.25350914,346.8982
82.19889204,346.9016
83.14414747,346.9214
84.08940291,346.9014
85.06683344,346.936
86.04426398,346.9498
87.02160413,346.9808
87.99903467,346.9761
88.9764652,346.9682
89.95389574,346.9714
90.9509876,346.9763
91.94803176,346.9702
92.94512362,346.9846
93.94225567,346.9999
94.93934753,347.0041
95.93639168,346.981
96.80939948,346.9554
97.68248252,346.9981
98.55549032,347.0358
99.42857336,347.021
100.3015812,346.9962
101.1745983,346.9827
102.0476061,346.9879
102.9635789,346.98
103.8795516,346.9624
104.7955917,346.9413
105.7115644,346.9192
106.6275371,346.9146
107.5435098,346.9584
108.5027577,346.937
109.4618773,346.8983
110.4211251,346.8586
111.380373,346.835
112.3396208,346.8381
113.2988344,346.8348
114.1539336,346.8269
115.0091296,346.8195
115.8642288,346.8122
116.7194249,346.7905
117.574621,346.7643
118.4297202,346.7361
119.3727133,346.7278
120.3157382,346.7365
121.2587631,346.7375
122.2017881,346.7584
123.144813,346.7597
124.0878379,346.721
124.9881972,346.7061
125.8885565,346.7109
126.7889158,346.748
127.6892751,346.7712
128.5896344,346.7234
129.4901351,346.7208
130.3863058,346.7328
131.2825192,346.7241
132.1787326,346.7344
133.074946,346.7392
133.9712499,346.701
134.8674633,346.6702
135.7286372,346.6938
136.5899037,346.6917
137.4510775,346.6152
138.3122514,346.628
139.1735179,346.6303
140.0346918,346.5801
140.9717959,346.5034
141.9089001,346.5287
142.8460043,346.5299
143.7831088,346.529
144.720213,346.4729
145.6574172,346.4595
146.6471615,346.4645
147.6368951,346.4466
148.6266395,346.4268
149.6163839,346.3887
150.6061283,346.4007
151.5958618,346.397
152.4597026,346.4084
153.3235119,346.4163
154.1873213,346.4106
155.0511621,346.408
155.9149714,346.395
156.7786858,346.3805
157.6672712,346.3935
158.555834,346.4242
159.4444194,346.4524
160.3329822,346.4456
161.2214702,346.4161
162.110033,346.3548
162.9798795,346.325
163.8497036,346.2975
164.7195502,346.2756
165.5893967,346.2612
166.4592433,346.2492
167.3291648,346.2346
168.2716385,346.2203
169.2141123,346.1961
170.156586,346.2051
171.0990597,346.1536
172.0415334,346.0923
172.9839944,346.0361
173.8598451,346.0002
174.7358024,345.9632
175.6116599,345.9085
176.4876172,345.9126
177.3634679,345.871
178.2393255,345.856
179.1979086,345.8571
180.1564918,345.8477
181.1149778,345.8346
182.0735609,345.8296
183.0321441,345.8208
183.9906273,345.8251
184.9126715,345.8278
185.8345958,345.8431
186.75664,345.8789
187.6785644,345.8866
188.6006086,345.8741
189.5226304,345.897
190.4062331,345.9426
191.289872,345.9356
192.1734747,345.9086
193.0570774,345.9075
193.9406801,345.8972
194.8242828,345.8624
195.7615205,345.8407
196.6987667,345.8501
197.636013,345.8483
198.5731596,345.8282
199.5104058,345.8234
200.4476521,345.8304
201.4220619,345.8252
202.3963721,345.8019
203.3706731,345.7865
204.3450829,345.8123
205.3193931,345.8304
206.2938029,345.8225
207.2646992,345.8039
208.2356126,345.7983
209.2065259,345.7775
210.1774222,345.7739
211.1482371,345.7995
212.1191504,345.8176
213.0570488,345.7978
213.9948476,345.822
214.932746,345.8326
215.8705449,345.8297
216.8084432,345.8012
217.7462421,345.7951
218.6481124,345.7957
219.5499595,345.7895
220.4518066,345.796
221.3536537,345.8008
222.2555008,345.8289
223.1573712,345.8282
224.1392688,345.8118
225.1212783,345.8143
226.103176,345.8352
227.0850863,345.8285
228.0669839,345.8671
229.0488942,345.8838
230.0027509,345.8863
230.9565264,345.8891
231.9103831,345.8655
232.8641586,345.8497
233.8179168,345.8485
234.7717735,345.8581
235.6443132,345.8679
236.5168529,345.8651
237.3893838,345.8636
238.2619235,345.8621
239.1344544,345.8687
240.0069941,345.862
240.8887994,345.8761
241.770502,345.8903
242.6522073,345.8822
243.5340099,345.878
244.4157152,345.8839
245.2974178,345.9128
246.2478508,345.8941
247.1982885,345.8629
248.1486262,345.8538
249.0990592,345.8723
250.0494969,345.8887
250.9998346,345.9006
251.9795481,345.9186
252.9592616,345.8968
253.9389673,345.8543
254.9186808,345.8606
255.8983943,345.8802
256.8781,345.8776
257.7995441,345.8765
258.7209724,345.8814
259.6424165,345.9018
260.5638605,345.8825
261.4852888,345.8563
262.4067329,345.8741
263.2875411,345.8772
264.168337,345.8535
265.0491451,345.8351
265.9299533,345.8378
266.8107615,345.8353
267.6914705,345.8091
268.6183334,345.7985
269.5451006,345.8451
270.4719635,345.911
271.3987306,345.8677
272.3255936,345.8349
273.2523607,345.8203
274.1595696,345.7941
275.0668784,345.8157
275.9740876,345.8592
276.8813965,345.8752
277.7886057,345.8708
278.6958145,345.8645
279.5699798,345.9019
280.444132,345.8864
281.3182973,345.8744
282.1924495,345.8718
283.0666147,345.8603
283.940767,345.8489
284.8149322,345.8358
285.7401945,345.8033
286.665524,345.7858
287.5907863,345.7312
288.5160485,345.7007
289.4413108,345.7123
290.3665731,345.6469
291.2571429,345.5101
292.1476967,345.3572
293.0381882,345.1225
293.9287581,344.8894
294.8192497,344.6872
295.7098034,344.3687
296.5741505,343.9987
297.4384486,343.7202
298.3028829,343.5394
299.167181,343.4299
300.0316152,343.3538
300.8959133,343.2614
301.8134796,343.1251
302.7310897,342.9872
303.648656,342.873
304.5663114,342.7912
305.4838324,342.6812
306.4014879,342.5762
307.2397538,342.4769
308.0780825,342.3157
308.9163485,342.1244
309.7546145,341.9261
310.5929432,341.7364
311.4312091,341.4839
312.2874247,341.2588
313.1436403,341.0085
313.9998559,340.8318
314.8561393,340.6827
315.7123549,340.5138
316.5685705,340.3247
317.5588561,340.1156
318.5492227,339.9299
319.5395669,339.7537
320.5298525,339.6203
321.5201967,339.4669
322.5104823,339.3927
323.4094223,339.3695
324.3083624,339.3531
325.2073024,339.3635
326.1062425,339.3773
327.0051825,339.3808
327.9041226,339.3995
328.8765297,339.3963
329.8490152,339.4341
330.8215629,339.4263
331.7940484,339.3473
332.7665339,339.385
333.7389411,339.4212
334.7004678,339.4263
335.6619426,339.4402
336.6233839,339.3519
337.5848587,339.3023
338.5463,339.3337
339.5077748,339.3597
340.3791321,339.3423
341.25052,339.2931
342.1218774,339.2923
342.9933191,339.2846
343.864707,339.2441
344.7360644,339.1845
345.6074523,339.1488
346.4820041,339.1449
347.356423,339.1434
348.2309324,339.1215
349.1054842,339.1129
349.9799937,339.0636
350.8544125,339.0323
351.777006,338.9955
352.6994788,338.9568
353.6220488,338.9004
354.544545,338.807
355.4670179,338.7776
356.3895879,338.7989
357.244214,338.7648
358.0988401,338.6886
358.9534663,338.5583
359.8080924,338.4297
360.6627344,338.3768
361.5172617,338.3402
362.3882606,338.3407
363.2592497,338.3618
364.1302389,338.402
365.0012377,338.4533
365.8722269,338.496
366.743216,338.5236
367.6047563,338.5438
368.4662577,338.6346
369.3277592,338.6902
370.1892606,338.7315
371.0508009,338.751
371.9123023,338.7808
372.7743432,338.9028
373.6365079,338.9718
374.4985488,339.0048
375.3607136,339.0541
376.2227823,339.1148
377.0849192,339.197
377.947084,339.2578
378.8037025,339.3219
379.660321,339.2975
380.5169394,339.3315
381.3736924,339.4692
382.2303109,339.5481
383.0869294,339.5968
384.0341971,339.5745
384.9815533,339.5029
385.9288676,339.4267
386.8761353,339.446
387.823403,339.4791
388.7707592,339.5704
389.7676069,339.7298
390.7645395,339.8852
391.7615248,340.0917
392.7583725,340.3172
393.7553051,340.4312
394.7521528,340.485
395.7151567,340.4892
396.6780664,340.5017
397.6409761,340.4855
398.6038525,340.4606
399.5667621,340.4409
400.5296718,340.4158
401.4417695,340.3988
402.35386,340.4037
403.2658579,340.3995
404.1779485,340.3805
405.0900462,340.3501
406.002037,340.2969
406.901197,340.2187
407.800357,340.1825
408.6995323,340.1419
409.5986923,340.0745
410.4978523,340.0625
411.3970123,340.0385
412.2597198,339.9879
413.1224023,339.9405
413.9850847,339.893
414.8477671,339.8594
415.7104495,339.8237
416.5732539,339.8211
417.4128415,339.7572
418.2525555,339.6744
419.092238,339.6492
419.9318571,339.5991
420.7715396,339.5492
421.6112536,339.5231
422.6101724,339.485
423.6090552,339.4288
424.607974,339.371
425.6069861,339.2918
426.6059049,339.3007
427.6048237,339.3141
428.5387472,339.2423
429.4726707,339.187
430.4067318,339.1135
431.3406553,339.0602
432.2745787,338.9988
433.2085022,338.9507
434.1769712,338.9233
435.1454901,338.8804
436.1139591,338.859
437.0825148,338.8247
438.0510337,338.7953
439.0195027,338.7438
439.9347552,338.6834
440.8499845,338.6753
441.7652371,338.701
442.6805478,338.7311
443.5958003,338.7505
444.511111,338.7917
445.4319937,338.836
446.3529181,338.9126
447.2738426,338.8784
448.194767,338.9473
449.1156914,339.0338
450.0365742,339.1511
451.0215401,339.3025
452.0063726,339.4419
452.9912953,339.51
453.976171,339.6114
454.9610938,339.7023
455.9459263,339.8008
456.9145566,339.8842
457.8831094,339.9526
458.851599,339.9887
459.8201517,340.029
460.7886413,340.1106
461.7571941,340.1863
462.6966457,340.2807
463.6361371,340.3176
464.5755887,340.3611
465.5150403,340.3259
466.4544918,340.2872
467.3939832,340.2516
468.380614,340.1155
469.3673349,339.9953
470.3539658,339.9003
471.3406867,339.8321
472.3273081,339.7633
473.3140384,339.6213
474.2047029,339.4367
475.0954205,339.2445
475.9860002,339.0108
476.8767178,338.8657
477.7673822,338.7172
478.6580466,338.6332
479.5003125,338.52
480.3425784,338.384
481.1847788,338.251
482.0270447,338.1335
482.8692451,338.015
483.711511,337.9019
484.7104877,337.7772
485.709323,337.6982
486.7082998,337.6064
487.7072765,337.4746
488.7062532,337.3406
489.7052299,337.25
490.6766301,337.1141
491.6480996,337.0156
492.6194998,336.8897
493.5909,336.7249
494.5622281,336.659
495.5336283,336.6657
496.491122,336.6899
497.4485265,336.7381
498.4058859,336.7254
499.3632904,336.7171
500.3207841,336.8267
501.2781435,336.9225
502.230001,336.9302
503.1818586,336.904
504.1337162,336.8752
505.0855737,336.9935
506.0374313,337.1097
506.9892888,337.1452
507.8489567,337.1577
508.7086382,337.0779
509.568306,336.9582
510.4279876,336.7877
511.2877545,336.5396
512.147436,336.2743
512.980817,336.0479
513.8142273,335.8058
514.6477039,335.6704
515.4811142,335.6844
516.3145908,335.6974
517.1480011,335.6874
518.0265543,335.8451
518.9050108,336.0247
519.783564,336.2009
520.6620205,336.3577
521.5405737,336.5047
522.4191268,336.6297
523.2975833,336.7356
524.1917067,336.8524
525.0857329,336.9139
525.9798326,336.9013
526.8738588,336.8895
527.7679822,336.915
528.6619847,336.8558
529.5412211,336.8712
530.4203581,336.8945
531.2995945,336.9484
532.1787417,336.986
533.0579781,337.0151
533.9371151,337.0351
534.8163515,337.0266
535.6640637,337.0576
536.511776,337.0258
537.3595847,336.9525
538.2072707,336.9202
539.054983,336.9917
539.9027917,337.048
540.8438383,337.097
541.7849833,337.1798
542.7260299,337.2337
543.6671749,337.3001
544.6082215,337.3869
545.5492504,337.4635
546.422387,337.5123
547.2955237,337.5727
548.1686603,337.6233
549.0417969,337.6795
549.9149335,337.7089
550.7880702,337.7665
551.7056798,337.8293
552.6231895,337.8679
553.540794,337.9413
554.4584036,338.0436
555.3759133,338.1051
556.2935229,338.1195
557.1826919,338.1123
558.0719608,338.1658
558.9611299,338.353
559.8503987,338.4056
560.7395678,338.504
561.6288367,338.6543
562.5218959,338.7967
563.4150185,338.89
564.3081411,338.958
565.2012638,339.0268
566.0942915,339.07
566.9874141,339.1174
567.8581092,339.2403
568.7288333,339.3861
569.5995573,339.4865
570.4702814,339.4817
571.3409765,339.4678
572.2117006,339.4904
573.0754411,339.5195
573.9392759,339.5725
574.8029833,339.6448
575.6668181,339.6697
576.5305586,339.6898
577.3943935,339.6464
578.2581008,339.6464
579.2579229,339.7233
580.2576588,339.7965
581.2573817,339.8449
582.2572038,339.8925
583.2569397,339.9776
584.1938127,340.0842
585.1306766,340.1968
586.0675496,340.2532
587.0044226,340.3001
587.9412956,340.3784
588.8781686,340.3938
589.842756,340.4259
590.8073434,340.4398
591.7719309,340.4799
592.7365183,340.4901
593.7011057,340.5043
594.6656931,340.5248
595.5242577,340.6049
596.3827314,340.694
597.2413047,340.7769
598.099878,340.8801
598.9584513,340.9161
599.8170159,340.9468
600.7143264,341.0095
601.6117344,341.0954
602.5091423,341.1875
603.4065503,341.3038
604.3038609,341.4317
605.2012688,341.522
606.0601509,341.5665
606.919033,341.6299
607.7779151,341.7203
608.6366973,341.815
609.4955794,341.8835
610.3544565,341.9098
611.2118063,341.9328
612.0692525,342.0248
612.9266023,342.0777
613.7839486,342.1736
614.6413984,342.2668
615.4987446,342.3107
616.4840066,342.2794
617.4692984,342.2425
618.454465,342.2864
619.4397568,342.3661
620.4250188,342.3794
621.4103106,342.3802
622.2976258,342.337
623.184941,342.3065
624.0722563,342.3042
624.9595715,342.3195
625.8468868,342.3363
626.7341043,342.3243
627.6525883,342.3587
628.5710134,342.4313
629.4894385,342.452
630.4078288,342.4896
631.3262539,342.5276
632.2447727,342.5711
633.1370781,342.6157
634.0294784,342.647
634.9217838,342.7173
635.8140579,342.7484
636.7064583,342.7472
637.5987636,342.7568
638.4437827,342.7878
639.288864,342.8194
640.1338507,342.8663
640.9788374,342.8885
641.8238241,342.8731
642.6688431,342.8662
643.5741547,342.962
644.4793879,343.0364
645.3846014,343.0899
646.2899326,343.0844
647.1951461,343.094
648.1004774,343.0852
649.0056909,343.1041
649.9066753,343.1502
650.8076597,343.2017
651.7086441,343.181
652.6095159,343.2013
653.5105003,343.2445
654.4114847,343.2663
655.3041872,343.2623
656.1968896,343.2429
657.0895858,343.2566
657.9821884,343.3227
658.8748909,343.3875
659.7675934,343.4432
660.6694229,343.4499
661.5711559,343.454
662.4729855,343.5468
663.3747185,343.5637
664.276548,343.5648
665.178281,343.5982
666.0534588,343.5976
666.9286365,343.5466
667.8038555,343.5563
668.6790333,343.5321
669.554211,343.5321
670.42943,343.5463
671.3046078,343.596
672.285873,343.5968
673.2672262,343.6168
674.2484915,343.6036
675.2297567,343.5799
676.2109745,343.5701
677.1922397,343.5416
678.1308105,343.4685
679.0694712,343.3158
680.008042,343.2307
680.9466127,343.0957
681.8851835,342.9542
682.8237543,342.7886
683.6806223,342.6621
684.5373943,342.5704
685.3942623,342.4672
686.2511303,342.3767
687.1079983,342.3134
687.9648383,342.2748
688.8996674,342.2105
689.8343572,342.1829
690.7691862,342.148
691.7039581,342.0807
692.638705,342.0346
693.5734769,342.0255
694.5012699,342.0744
695.4290629,342.0914
696.3567703,342.1136
697.2845633,342.1644
698.2123563,342.1891
699.1400637,342.1877
700.0565533,342.1563
700.9729566,342.1469
701.8894462,342.1827
702.8058496,342.2015
703.722253,342.2049
704.6387426,342.2048
705.5455045,342.2349
706.4523316,342.2481
707.3590936,342.2259
708.2659509,342.228
709.1726826,342.3127
710.0795399,342.3737
711.0570695,342.4112
712.034599,342.4144
713.0122242,342.4275
713.9897538,342.4764
714.967379,342.5429
715.9449086,342.5134
716.9378712,342.4944
717.9308405,342.4889
718.9237034,342.5358
719.9166661,342.5978
720.9096354,342.6541
721.9024983,342.6866
722.783651,342.7285
723.6648036,342.7893
724.5459539,342.8612
725.4271066,342.9393
726.3082592,342.999
727.1893119,343.0303
728.0760898,343.0698
728.9628583,343.1373
729.8497263,343.1649
730.7365042,343.2129
731.6232726,343.1944
732.5100505,343.1857
733.396819,343.2217
734.2576157,343.3139
735.1184102,343.4101
735.9793069,343.4487
736.8401014,343.5524
737.7009981,343.6401
738.5617947,343.6433
739.4225893,343.6761
740.3537826,343.6996
741.2849806,343.6904
742.216074,343.6803
743.1472674,343.7059
744.0784653,343.7437
745.0095588,343.7214
745.9531372,343.731
746.8968311,343.802
747.8404095,343.8865
748.783988,343.9264
749.7275833,343.938
750.6711617,343.9215
751.639241,343.8882
752.6072729,343.8732
753.5753521,343.9243
754.543296,343.9454
755.5113752,343.9426
756.4794071,343.9771
757.4180232,344.0364
758.3566393,344.134
759.2952555,344.2178
760.2338716,344.2806
761.1724877,344.3169
762.1111038,344.2926
763.0083064,344.2944
763.905509,344.3115
764.802709,344.2778
765.6999116,344.3007
766.5971142,344.3091
767.4943142,344.2969
768.3779117,344.417
769.2615092,344.4985
770.1451066,344.5018
771.0287041,344.4979
771.9123016,344.5024
772.7959084,344.5168
773.6695553,344.5583
774.5431046,344.6255
775.416654,344.6349
776.2902034,344.6218
777.1637752,344.6485
778.0373245,344.7516
778.9109714,344.8549
779.8146289,344.9176
780.7183865,344.9542
781.6221441,344.9611
782.5259016,344.9879
783.4295592,345.0325
784.3333168,345.0818
785.2370743,345.1394
786.1278477,345.1997
787.0185213,345.2579
787.9092947,345.3645
788.7999683,345.416
789.6907346,345.4022
790.5814082,345.4433
791.5078245,345.5018
792.4342408,345.5571
793.3606571,345.5806
794.2870733,345.5759
795.2134896,345.6029
796.1399059,345.6483
797.076437,345.7337
798.0129682,345.7965
798.949404,345.8704
799.8859048,345.9776
800.8223407,346.0811
801.7588718,346.1235
802.7057789,346.2011
803.6526859,346.3116
804.599593,346.3773
805.5465,346.4661
806.4934071,346.5865
807.4403141,346.6839
808.3737456,346.7521
809.3072174,346.8131
810.2406488,346.8818
811.1740802,346.968
812.1075117,347.0225
813.0409431,347.0423
813.9266999,347.0984
814.8124835,347.2558
815.6982404,347.3237
816.5839972,347.3928
817.4697541,347.431
818.3555376,347.4955
819.2412945,347.5775
820.2062615,347.5241
821.1712189,347.4989
822.1361764,347.555
823.1010343,347.5748
824.0660013,347.6782
825.0309588,347.8339
825.8924757,347.9836
826.7538949,348.0547
827.6154119,348.0943
828.4769288,348.1461
829.3384458,348.2085
830.1999627,348.2531
831.0614797,348.2682
831.9346841,348.2751
832.8077911,348.2642
833.6809956,348.2639
834.5542001,348.2605
835.4273071,348.2509
836.300534,348.2431
837.2225713,348.2248
838.1446512,348.2883
839.0667312,348.342
839.9888112,348.3644
840.9108485,348.3748
841.8329284,348.3997
842.671602,348.3867
843.5102391,348.3443
844.3489128,348.2596
845.1874568,348.1392
846.0261304,348.1495
846.864804,348.0614
847.863801,347.9111
848.8629163,347.8894
849.8619338,347.9194
850.8609512,347.9103
851.8600461,347.8883
852.8590635,347.8085
853.7891239,347.7169
854.7190884,347.5289
855.6491487,347.2157
856.5791132,346.85
857.5091735,346.6895
858.439138,346.8063
859.3675827,346.3819
860.2960275,346.7233
861.2243773,347.0752
862.152822,347.3769
863.0812667,347.6557
864.0096166,347.7681
864.8953453,347.9168
865.7811067,348.1255
866.6668354,348.2409
867.5525968,348.2091
868.4383255,348.1268
869.324087,348.0951
870.2098156,348.1212
871.1917171,348.2409
872.1736187,348.3555
873.1555204,348.3899
874.1374219,348.3626
875.1193235,348.4172
876.101325,348.5031
876.9941108,348.5693
877.8869754,348.5904
878.7798594,348.6492
879.6726451,348.7228
880.5655098,348.7646
881.4583937,348.7917
882.340873,348.8207
883.2232524,348.8559
884.1057317,348.8972
884.988211,349.0343
885.8706903,349.0756
886.7531696,349.1113
887.70467,349.1907
888.6562672,349.2559
889.6078644,349.2774
890.5593901,349.2797
891.5109873,349.2948
892.4625844,349.3168
893.4203645,349.3633
894.3781859,349.4309
895.3359659,349.4976
896.2937459,349.5305
897.2515259,349.596
898.209306,349.6723
899.1195312,349.7354
900.0296512,349.7747
900.9398765,349.7988
901.8500964,349.8166
902.7603216,349.8883
903.6705415,349.9178
904.570386,349.939
905.4702364,349.9533
906.3700809,349.9739
907.2699255,349.9951
908.1697759,350.0261
909.0695206,350.0659
910.0087635,350.0896
910.9479067,350.125
911.8870499,350.1625
912.8262928,350.1687
913.765436,350.2046
914.7045792,350.2472
915.5463531,350.2675
916.3880296,350.3082
917.2298266,350.3659
918.0716005,350.4191
918.9132771,350.4351
919.7550741,350.428
920.679013,350.4966
921.6028939,350.6175
922.5268683,350.714
923.4508073,350.7751
924.3746881,350.7526
925.2986625,350.7062
926.230923,350.7024
927.1631835,350.7629
928.0953242,350.8243
929.0275847,350.8938
929.9598452,351.0069
930.8921057,351.1295
931.7400926,351.2394
932.5879796,351.3753
933.4359665,351.5262
934.2839535,351.6733
935.1319404,351.8409
935.9799321,352.0009
936.9444157,352.1967
937.9088992,352.4502
938.8734079,352.7452
939.8377946,352.9829
940.8023033,353.1817
941.7667869,353.4693
942.6466556,353.6696
943.5266309,353.8766
944.4064996,354.0712
945.2863752,354.2429
946.1662439,354.4188
947.0462192,354.5903
947.9325474,354.7483
948.8189743,354.96
949.705385,355.1272
950.5918119,355.2087
951.4782389,355.3536
952.3645671,355.4965
953.2216357,355.5998
954.0785919,355.6932
954.9355482,355.7913
955.7925045,355.9118
956.6494608,356.0977
957.5065163,356.1715
958.3890933,356.2786
959.2717825,356.3836
960.1544586,356.4539
961.0370356,356.5278
961.9197118,356.5682
962.8023879,356.6242
963.7369428,356.7944
964.6714977,356.8681
965.6060527,356.9452
966.5406076,357.0343
967.4751625,357.1574
968.4097174,357.2762
969.3354187,357.3453
970.2610974,357.4162
971.1867987,357.5685
972.1124189,357.6756
973.0381787,357.8499
973.9637989,357.9569
974.8273564,357.9845
975.6908758,358.0934
976.5543028,358.1137
977.4178603,358.1624
978.2813797,358.2318
979.1448448,358.3012
980.0083642,358.3585
980.925033,358.3405
981.8417019,358.3467
982.7583708,358.3213
983.6751016,358.2555
984.5917704,358.1978
985.5083608,358.1723
986.3521267,358.0879
987.1960249,357.922
988.0397909,357.8588
988.8836481,357.7785
989.7274141,357.7022
990.5711801,357.612
991.4500504,357.4986
992.3289207,357.3806
993.207791,357.286
994.0866593,357.2063
994.9655296,357.1121
995.8443999,357.0063
996.6925063,356.9532
997.5406127,356.9048
998.3887191,356.8793
999.2368255,356.8191
1000.084932,356.7843
1000.933038,356.7931
1001.790836,356.8229
1002.648633,356.7583
1003.506334,356.6572
1004.364131,356.5817
1005.221928,356.5325
1006.079725,356.5186
1007.075841,356.532
1008.071984,356.5023
1009.0681,356.5201
1010.064243,356.43
1011.060359,356.3856
1012.056501,356.3362
1012.982425,356.2349
1013.908234,356.0504
1014.834058,355.9165
1015.759883,355.7857
1016.685707,355.645
1017.611516,355.4862
1018.489662,355.2123
1019.367835,354.8961
1020.246007,354.4933
1021.124179,354.2233
1022.002352,353.9641
1022.880524,353.6811
1023.736905,353.3816
1024.593233,353.0864
1025.449562,352.801
1026.30589,352.5825
1027.162179,352.3699
1028.018508,352.1706
1028.985311,351.9501
1029.952019,351.7236
1030.918823,351.5587
1031.885626,351.4112
1032.852334,351.3142
1033.819138,351.198
1034.744748,351.0741
1035.670328,350.9512
1036.596034,350.8306
1037.521645,350.7448
1038.447256,350.7323
1039.37293,350.6451
1040.343196,350.5292
1041.313507,350.39
1042.283862,350.3099
1043.254217,350.2556
1044.224528,350.1914
1045.194883,350.1105
1046.097386,350.0792
1046.999855,350.0587
1047.902359,350.0245
1048.804862,349.9829
1049.707365,349.9329
1050.609834,349.8753
1051.548575,349.8157
1052.487413,349.8121
1053.426133,349.7798
1054.364873,349.7492
1055.303691,349.7523
1056.242431,349.6955
1057.115242,349.6408
1057.988062,349.6045
1058.860873,349.5803
1059.733594,349.5503
1060.606405,349.5044
1061.479216,349.4832
1062.356644,349.4238
1063.23395,349.4007
1064.111353,349.388
1064.988782,349.376
1065.866088,349.3519
1066.743516,349.3
1067.704219,349.2677
1068.664981,349.2559
1069.625684,349.3364
1070.586445,349.3806
1071.547148,349.3345
1072.50791,349.3757
1073.392779,349.3787
1074.277716,349.3922
1075.162579,349.4037
1076.047516,349.4253
1076.932385,349.4928
1077.817248,349.5398
1078.702185,349.5849
1079.607214,349.5766
1080.512164,349.5756
1081.417131,349.6377
1082.32216,349.7404
1083.227189,349.8313
1084.132077,349.8693
1084.985911,349.9097
1085.839675,349.9592
1086.693367,350.0242
1087.547201,350.1598
1088.400964,350.2761
1089.254728,350.3511
1090.139574,350.4669
1091.024421,350.5915
1091.909268,350.7393
1092.794115,350.9023
1093.678961,351.0819
1094.563726,351.2512
1095.519277,351.2703
1096.474906,351.1946
1097.430457,351.17
1098.385947,351.2482
1099.341498,351.3499
1100.297049,351.2629
1101.157477,351.3111
1102.017963,351.3927
1102.878357,351.4714
1103.738843,351.5181
1104.599236,351.4738
1105.459723,351.4668
1106.320116,351.477
1107.164848,351.5578
1108.009458,351.7222
1108.854163,351.8415
1109.698799,351.8151
1110.543504,351.7292
1111.38814,351.7352
1112.300012,351.9502
1113.211911,352.0703
1114.123783,351.9084
1115.035558,351.8547
1115.947458,351.9675
1116.859329,352.0741
1117.737139,352.0676
1118.614949,352.0006
1119.492725,351.9764
1120.370535,351.9354
1121.248438,352.012
1122.126248,352.0729
1123.004024,352.0825
1123.851845,352.0677
1124.699637,352.1317
1125.547362,352.1474
1126.395154,352.1854
1127.242946,352.2152
1128.090767,352.189
1128.950734,352.1601
1129.810796,352.1011
1130.67079,352.0936
1131.530853,352.1234
1132.390916,352.1735
1133.250909,352.2262
1134.216111,352.3313
1135.181193,352.4609
1136.146298,352.4758
1137.1115,352.6044
1138.076605,352.7577
1139.041687,352.8707
1139.91162,352.979
1140.781651,353.1248
1141.651585,353.2529
1142.521494,353.3741
1143.391428,353.5102
1144.261459,353.6686
1145.111754,353.8591
1145.962118,354.0269
1146.812508,354.2082
1147.662776,354.4177
1148.513167,354.704
1149.363531,354.8203
1150.302208,355.0517
1151.240957,355.2977
1152.179707,355.5156
1153.118359,355.7081
1154.057133,355.9178
1154.995882,356.0496
1155.911272,356.2862
1156.826566,356.5392
1157.741928,356.857
1158.657318,357.0738
1159.572708,357.2525
1160.488098,357.4938
1161.388476,357.7853
1162.288918,358.0396
1163.189296,358.2557
1164.089643,358.566
1164.990021,358.8486
1165.890494,359.0829
1166.770405,359.3172
1167.65041,359.6045
1168.530447,359.9077
1169.410452,360.1491
1170.290489,360.4574
1171.170399,360.7373
1172.02607,360.9656
1172.881741,361.1948
1173.737412,361.4394
1174.593083,361.6743
1175.448755,361.8539
1176.304426,362.0213
1177.245863,362.2567
1178.187396,362.4714
1179.128928,362.6494
1180.070337,362.8345
1181.01187,363.0158
1181.953403,363.1868
1182.789322,363.3243
1183.62522,363.4563
1184.461139,363.6043
1185.297058,363.7882
1186.133075,363.9342
1186.968994,364.0987
1187.851189,364.2773
1188.733493,364.4252
1189.615697,364.554
1190.497892,364.6919
1191.380196,364.889
1192.2624,365.0517
1193.196733,365.2303
1194.131054,365.373
1195.065288,365.4381
1195.999609,365.5016
1196.933942,365.566
1197.868263,365.636
1198.751111,365.7048
1199.633959,365.7451
1200.51685,365.7952
1201.399698,365.8382
1202.282547,365.8714
1203.165395,365.9081
1204.008534,365.977
1204.851673,366.0251
1205.694812,366.0742
1206.537951,366.1279
1207.381004,366.1798
1208.224143,366.1789
1209.140309,366.1823
1210.056386,366.1513
1210.972551,366.1369
1211.888717,366.1242
1212.804793,366.1128
1213.720959,366.0853
1214.569024,366.0412
1215.417042,366.0029
1216.265018,365.9912
1217.113036,365.9679
1217.961101,365.9463
1218.809119,365.9474
1219.649842,365.9317
1220.490654,365.9159
1221.331422,365.8853
1222.172234,365.8435
1223.012957,365.8695
1223.85377,365.9025
1224.732652,365.955
1225.611499,365.9988
1226.490475,366.0314
1227.369357,366.1019
1228.248297,366.146
1229.12718,366.1971
1230.001728,366.2373
1230.876248,366.2685
1231.750796,366.3342
1232.625344,366.3762
1233.499892,366.4223
1234.37444,366.4661
1235.348617,366.5197
1236.322818,366.5914
1237.297093,366.6682
1238.271293,366.7312
1239.245471,366.8462
1240.219672,366.9793
1241.206799,367.0685
1242.193826,367.1789
1243.180953,367.2927
1244.167981,367.415
1245.155117,367.5481
1246.142144,367.6311
1247.087617,367.6907
1248.033089,367.8465
1248.978463,368.028
1249.923935,368.091
1250.869408,368.2112
1251.814881,368.3274
1252.730099,368.4821
1253.645417,368.657
1254.560734,368.799
1255.476052,368.9453
1256.391369,369.1197
1257.306687,369.2567
1258.17497,369.442
1259.043353,369.6318
1259.911727,369.7932
1260.780011,369.937
1261.648385,370.0609
1262.516768,370.1711
1263.362508,370.2711
1264.208254,370.3958
1265.053994,370.5709
1265.899733,370.748
1266.745473,370.8743
1267.591213,370.9806
1268.525713,371.1073
1269.460313,371.2516
1270.394915,371.45
1271.329516,371.6414
1272.264118,371.7376
1273.198618,371.8356
1274.047092,371.947
1274.895466,372.129
1275.743953,372.3171
1276.592328,372.4942
1277.440801,372.6425
1278.289176,372.7476
1279.240809,372.8002
1280.19242,372.8704
1281.143955,372.9456
1282.095567,373.0416
1283.0472,373.1084
1283.998714,373.1564
1284.94269,373.1968
1285.886665,373.2908
1286.8306,373.3805
1287.774575,373.477
1288.718551,373.457
1289.662394,373.4636
1290.601951,373.4748
1291.541455,373.4816
1292.480959,373.4955
1293.420463,373.5443
1294.359967,373.5435
1295.299438,373.5591
1296.174435,373.5807
1297.049338,373.6154
1297.924335,373.6511
1298.799276,373.7182
1299.674272,373.7421
1300.549176,373.7872
1301.425488,373.8452
1302.301717,373.9343
1303.178029,374.0337
1304.054243,374.1468
1304.930555,374.2507
1305.806882,374.306
1306.707789,374.3999
1307.608721,374.5197
1308.509654,374.6395
1309.410586,374.7296
1310.311518,374.8617
1311.21245,375.002
1312.052837,375.1161
1312.893211,375.2792
1313.733585,375.4405
1314.573972,375.5461
1315.414346,375.5934
1316.254721,375.6415
1317.203412,375.6966
1318.152003,375.7244
1319.100692,375.7464
1320.049283,375.7703
1320.997974,375.7956
1321.946565,375.8753
1322.826472,375.8861
1323.70628,375.8516
1324.586187,375.8437
1325.465988,375.8362
1326.345895,375.7686
1327.225702,375.6898
1328.165487,375.6956
1329.105254,375.6995
1330.045022,375.6544
1330.984708,375.6145
1331.924475,375.6098
1332.86426,375.6055
1333.85482,375.5924
1334.845381,375.603
1335.835941,375.6179
1336.826502,375.6285
1337.817076,375.6698
1338.807636,375.7292
1339.716299,375.7836
1340.625061,375.8002
1341.533723,375.797
1342.442485,375.8162
1343.351148,375.7998
1344.25981,375.7869
1345.219821,375.8076
1346.179832,375.825
1347.139843,375.7718
1348.099854,375.7156
1349.059864,375.6619
1350.019875,375.6158
1350.90098,375.5876
1351.782084,375.5608
1352.663189,375.5663
1353.544294,375.5618
1354.425398,375.5807
1355.306503,375.5343
1356.172899,375.4567
1357.039395,375.3759
1357.905791,375.3394
1358.772286,375.3282
1359.638766,375.2869
1360.505162,375.224
1361.371658,375.2229
1362.217041,375.2102
1363.062522,375.1891
1363.907883,375.1661
1364.753364,375.1331
1365.598747,375.0769
1366.44413,375.0398
1367.373949,374.9553
1368.303773,374.9045
1369.233592,374.9004
1370.163315,374.8991
1371.093134,374.8898
1372.022958,374.8617
1372.934478,374.7954
1373.845899,374.7811
1374.757419,374.7212
1375.668939,374.7079
1376.580459,374.6424
1377.491978,374.5532
1378.467818,374.4185
1379.443779,374.2952
1380.419644,374.2224
1381.395484,374.1526
1382.371445,373.9808
1383.34731,373.7871
1384.187671,373.614
1385.02798,373.4223
1385.86838,373.2862
1386.708689,373.1776
1387.54905,373.0716
1388.389451,373.0124
1389.310814,372.8909
1390.232315,372.8756
1391.153678,372.8817
1392.075041,372.7906
1392.996542,372.7122
1393.917905,372.5747
1394.795611,372.4374
1395.673449,372.3037
1396.551155,372.2695
1397.428861,372.2624
1398.306658,372.2117
1399.184405,372.145
1400.056703,372.1458
1400.928924,372.1682
1401.801125,372.1154
1402.673444,372.0544
1403.545645,372.0889
1404.417963,372.0883
1405.310251,372.0976
1406.202638,372.0976
1407.09494,372.064
1407.987327,371.9969
1408.879615,372.0156
1409.772016,372.0482
1410.610772,372.0567
1411.449528,372.0348
1412.288265,371.9835
1413.12702,371.9298
1413.965776,371.9639
1414.80463,371.9338
1415.748386,371.9956
1416.692196,371.9879
1417.635952,371.9187
1418.579762,371.8871
1419.523517,371.8956
1420.467366,371.9071
1421.416786,371.8967
1422.366207,371.8977
1423.315627,371.947
1424.264954,371.9776
1425.214375,371.9586
1426.163795,371.9749
1427.006158,372.0255
1427.848446,372.0811
1428.690735,372.127
1429.533098,372.1697
1430.375386,372.2191
1431.217772,372.2683
1432.135107,372.3239
1433.052346,372.401
1433.969681,372.4352
1434.887017,372.4471
1435.804353,372.4974
1436.721712,372.5413
1437.684318,372.5806
1438.646923,372.5805
1439.609545,372.6273
1440.572151,372.6867
1441.534756,372.6989
1442.497378,372.6841
1443.493659,372.7078
1444.48991,372.7777
1445.48619,372.7369
1446.482471,372.693
1447.478752,372.7578
1448.474937,372.8171
1449.397564,372.8592
1450.320146,372.8146
1451.242684,372.7659
1452.165222,372.7751
1453.087804,372.797
1454.010342,372.794
1454.877167,372.8195
1455.74394,372.8159
1456.610765,372.7462
1457.477499,372.6731
1458.344271,372.6114
1459.211096,372.5339
1460.097667,372.541
1460.984206,372.5605
1461.870777,372.5669
1462.757442,372.4941
1463.64398,372.4744
1464.530551,372.507
1465.452337,372.5185
1466.374026,372.5871
1467.295812,372.6279
1468.217501,372.6086
1469.139287,372.5545
1470.0611,372.5096
1470.911937,372.501
1471.762868,372.5086
1472.613742,372.4708
1473.464673,372.4556
1474.315547,372.4338
1475.166478,372.3784
1476.002658,372.3753
1476.838811,372.3814
1477.674991,372.3917
1478.511144,372.3969
1479.347325,372.3965
1480.183478,372.3929
1481.042085,372.3753
1481.900597,372.3853
1482.759205,372.4473
1483.617841,372.466
1484.476353,372.4424
1485.334961,372.3854
1486.233042,372.347
1487.131124,372.3279
1488.029303,372.2992
1488.927385,372.246
1489.825467,372.2322
1490.723646,372.2957
1491.621728,372.3149
1492.511607,372.349
1493.401412,372.3987
1494.291291,372.4224
1495.181171,372.4287
1496.070953,372.462
1496.960855,372.483
1497.891298,372.4945
1498.8217,372.5317
1499.752191,372.5438
1500.682545,372.5352
1501.613036,372.5373
1502.543391,372.5291
1503.472418,372.4834
1504.401381,372.4303
1505.330409,372.3808
1506.259437,372.3946
1507.188399,372.4109
1508.117427,372.3912
1509.006295,372.3397
1509.895162,372.3054
1510.78395,372.2732
1511.672818,372.1569
1512.561685,372.1043
1513.450553,372.0613
1514.387564,371.9848
1515.324575,371.8954
1516.261586,371.8123
1517.198605,371.7215
1518.135616,371.5999
1519.072627,371.4582
1519.933595,371.3417
1520.794564,371.2868
1521.655636,371.2326
1522.516605,371.2042
1523.377574,371.1504
1524.238543,371.0835
1525.108382,371.0404
1525.978221,370.9911
1526.84806,370.9612
1527.717899,370.9321
1528.587703,370.8804
1529.457636,370.8286
1530.327475,370.8018
1531.216164,370.733
1532.104952,370.774
1532.99364,370.7568
1533.882418,370.7098
1534.771206,370.6364
1535.659895,370.5491
1536.548683,370.4681
1537.545405,370.3887
1538.542126,370.333
1539.538848,370.2664
1540.53557,370.2495
1541.532291,370.202
1542.529013,370.0893
1543.381257,370.023
1544.233502,369.9405
1545.085636,369.8933
1545.93788,369.8337
1546.790125,369.7686
1547.642369,369.7213
1548.613201,369.7169
1549.584039,369.7086
1550.554871,369.6562
1551.525809,369.6517
1552.496647,369.5904
1553.467479,369.5487
1554.388397,369.5355
1555.309316,369.5018
1556.230251,369.4052
1557.151169,369.3779
1558.072088,369.3485
1558.993006,369.3191
1559.940928,369.2932
1560.88875,369.225
1561.836571,369.1453
1562.784392,369.0935
1563.732214,369.0648
1564.680035,369.0697
1565.574648,369.0628
1566.469258,368.9915
1567.363871,368.9412
1568.258484,368.9448
1569.153098,368.8958
1570.047711,368.8239
1570.987123,368.8026
1571.926535,368.8176
1572.866047,368.7984
1573.805458,368.7891
1574.74487,368.8098
1575.684382,368.7828
1576.558695,368.7521
1577.433117,368.7263
1578.307439,368.6984
1579.181861,368.6995
1580.056183,368.7259
1580.930596,368.7149
1581.805018,368.675
1582.737933,368.6682
1583.670964,368.6818
1584.60388,368.7056
1585.536893,368.7283
1586.469826,368.7429
1587.40284,368.735
1588.284195,368.7377
1589.165566,368.754
1590.046822,368.7421
1590.928177,368.7663
1591.809532,368.8163
1592.690887,368.7979
1593.690504,368.8361
1594.690198,368.8915
1595.689815,368.9572
1596.68941,369.0413
1597.689104,369.0859
1598.659091,369.0266
1599.629176,369.06
1600.599163,369.0978
1601.569248,369.0759
1602.539235,369.0195
1603.50932,369.016
1604.486003,369.0467
1605.462785,369.0568
1606.439468,369.1075
1607.416249,369.1249
1608.392932,369.0801
1609.369616,369.064
1610.287683,369.0988
1611.205673,369.0968
1612.123642,369.1367
1613.041632,369.1168
1613.959602,369.112
1614.877592,369.12
1615.870101,369.1024
1616.862512,369.0877
1617.854923,369.1137
1618.847449,369.1287
1619.83986,369.1169
1620.832271,369.1504
1621.686582,369.1532
1622.54077,369.1504
1623.394957,369.1858
1624.249268,369.2342
1625.103456,369.2803
1625.957767,369.2903
1626.791691,369.2896
1627.625742,369.2719
1628.459666,369.2811
1629.293717,369.3556
1630.127673,369.3224
1630.961692,369.3209
1631.871527,369.3688
1632.781365,369.3078
1633.691103,369.3643
1634.600938,369.41
1635.510776,369.4555
1636.420612,369.5337
1637.391805,369.5537
1638.363024,369.5207
1639.334217,369.4419
1640.30541,369.3421
1641.276629,369.167
1642.247822,368.9743
1643.150706,368.8297
1644.0535,368.6816
1644.956384,368.5036
1645.859178,368.3244
1646.762062,368.177
1647.664946,367.9745
1648.510968,367.7793
1649.357044,367.5075
1650.203119,367.3015
1651.049195,367.1929
1651.895301,367.0639
1652.741377,366.9662
1653.653323,366.8819
1654.56527,366.8611
1655.477297,366.852
1656.389243,366.8642
1657.301189,366.8998
1658.213136,366.8448
1659.121183,366.8009
1660.029367,366.7878
1660.937414,366.7996
1661.845461,366.792
1662.75356,366.8331
1663.661606,366.8415
1664.545228,366.8439
1665.428849,366.8721
1666.31247,366.8983
1667.195969,366.8911
1668.07959,366.8463
1668.963211,366.8289
1669.846832,366.8419
1670.687553,366.8434
1671.528371,366.82
1672.369092,366.8175
1673.20991,366.8081
1674.050631,366.7786
1674.891327,366.7623
1675.728967,366.79
1676.566484,366.8217
1677.404098,366.8545
1678.241615,366.8652
1679.079132,366.8525
1679.916746,366.8493
1680.776844,366.867
1681.636943,366.8589
1682.497041,366.8472
1683.35714,366.8468
1684.217239,366.8914
1685.07732,366.9314
1686.076999,366.9164
1687.076674,366.9214
1688.076448,366.928
1689.076122,366.9174
1690.075802,366.9165
1691.075476,366.9863
1692.039976,367.0333
1693.004376,366.9874
1693.968781,367.0277
1694.933182,367.0718
1695.897582,367.0915
1696.861982,367.0828
1697.780422,367.1058
1698.698763,367.1112
1699.617203,367.1328
1700.535643,367.1767
1701.454083,367.1857
1702.372523,367.1641
1703.232501,367.1736
1704.092479,367.2195
1704.952527,367.1986
1705.812505,367.2176
1706.672579,367.2692
1707.53253,367.2885
1708.397325,367.2752
1709.262023,367.2941
1710.126846,367.3037
1710.991544,367.3147
1711.856338,367.3412
1712.721133,367.3468
1713.585831,367.3344
1714.549708,367.3289
1715.513515,367.2933
1716.477392,367.2901
1717.441199,367.3165
1718.404979,367.3417
1719.368883,367.3719
1720.234745,367.3571
1721.10064,367.3917
1721.966587,367.4511
1722.832449,367.485
1723.698396,367.4899
1724.564259,367.5132
1725.430206,367.5244
1726.36223,367.556
1727.294254,367.557
1728.226337,367.5481
1729.158443,367.5539
1730.090467,367.6043
1731.02255,367.6188
1732.007558,367.5938
1732.992646,367.5765
1733.977655,367.5783
1734.962603,367.597
1735.947691,367.6118
1736.932699,367.6531
1737.816261,367.6084
1738.699899,367.5718
1739.58346,367.5521
1740.467098,367.5733
1741.350595,367.6181
1742.234233,367.6559
1743.117795,367.6677
1743.953569,367.6686
1744.789275,367.6525
1745.625122,367.6565
1746.460828,367.6446
1747.296603,367.6781
1748.132308,367.7093
1749.129931,367.711
1750.127615,367.7068
1751.125159,367.6954
1752.122782,367.6925
1753.120386,367.6728
1754.118009,367.6938
1754.99258,367.6816
1755.867265,367.678
1756.741835,367.6681
1757.616422,367.6463
1758.491091,367.6446
1759.365678,367.6645
1760.35941,367.6577
1761.353138,367.6049
1762.34687,367.5847
1763.340701,367.6055
1764.334433,367.5994
1765.328165,367.5845
1766.260606,367.5375
1767.193045,367.4934
1768.125387,367.4687
1769.057826,367.4709
1769.990267,367.4965
1770.922706,367.4534
1771.909337,367.4136
1772.896067,367.42
1773.882798,367.3957
1774.869528,367.3527
1775.856149,367.3322
1776.84288,367.3484
1777.809735,367.343
1778.776586,367.3331
1779.743437,367.281
1780.710288,367.2341
1781.677139,367.2167
1782.644094,367.2062
1783.51993,367.1698
1784.39586,367.1518
1785.271697,367.1448
1786.147664,367.1007
1787.023501,367.1065
1787.899431,367.1284
1788.775268,367.134
1789.681725,367.1325
1790.588129,367.1673
1791.494587,367.1375
1792.401076,367.1248
1793.307533,367.1428
1794.213937,367.1099
1795.102962,367.0643
1795.991914,367.0246
1796.880938,367.024
1797.76989,367.0115
1798.658984,366.9705
1799.547936,366.9381
1800.440629,366.9428
1801.333359,366.9461
1802.226053,366.9625
1803.118746,366.942
1804.011439,366.9448
1804.904132,366.9847
1805.851583,366.9854
1806.799033,367.0368
1807.746568,367.0659
1808.694073,367.1931
1809.641523,367.2918
1810.588974,367.3742
1811.47068,367.3292
1812.352251,367.2636
1813.233958,367.3291
1814.115617,367.2392
1814.997236,367.2735
1815.878895,367.2497
1816.723036,367.3211
1817.567178,367.4151
1818.411222,367.5293
1819.255386,367.6488
1820.099528,367.8067
1820.943572,367.9965
1821.910454,368.2149
1822.877335,368.36
1823.844197,368.4649
1824.811079,368.6376
1825.777961,368.797
1826.744843,368.9407
1827.686292,369.0744
1828.627838,369.2188
1829.569264,369.396
1830.510811,369.5443
1831.45226,369.7031
1832.393709,369.9378
1833.245651,370.1512
1834.097548,370.3133
1834.949401,370.4562
1835.801298,370.5729
1836.653241,370.7748
1837.505138,370.8435
1838.433319,370.8271
1839.3615,370.8371
1840.289682,370.8687
1841.217828,370.9267
1842.146009,370.9482
1843.074191,370.9927
1843.927271,371.0314
1844.780291,371.0633
1845.633452,371.0496
1846.486532,371.0682
1847.339553,371.0679
1848.192633,371.0408
1849.052276,370.9705
1849.911966,370.9225
1850.771609,370.8852
1851.631339,370.9273
1852.49103,370.927
1853.350672,370.9718
1854.193532,371.02
1855.036393,371.0089
1855.879253,371.0176
1856.722114,371.1439
1857.565025,371.2734
1858.407885,371.4166
1859.325445,371.5799
1860.243057,371.7062
1861.160668,371.8336
1862.07828,372.0012
1862.9958,372.2072
1863.913411,372.407
1864.779209,372.5852
1865.644967,372.7015
1866.510765,372.7927
1867.376523,372.8434
1868.24232,372.875
1869.108078,372.8967
1869.973876,372.9583
1870.967471,372.9971
1871.961107,373.0531
1872.954702,373.1257
1873.94839,373.1955
1874.942025,373.286
1875.935621,373.3837
1876.926652,373.4215
1877.917684,373.4936
1878.908779,373.6285
1879.899811,373.7144
1880.890842,373.7972
1881.881969,373.9287
1882.753326,373.9478
1883.624789,374.0124
1884.496247,374.1177
1885.367704,374.1741
1886.239167,374.1789
1887.110625,374.2084
1887.981988,374.2789
1888.925104,374.4117
1889.868318,374.5829
1890.811433,374.6316
1891.754548,374.688
1892.697663,374.766
1893.640778,374.7363
1894.629344,374.7124
1895.617805,374.6773
1896.606371,374.6898
1897.594937,374.7475
1898.583402,374.7819
1899.571964,374.7165
1900.469737,374.6635
1901.367409,374.6946
1902.265182,374.8067
1903.162854,374.9219
1904.060627,374.979
1904.958399,375.097
1905.882785,375.055
1906.80727,374.9336
1907.731754,374.8761
1908.656156,374.8789
1909.58064,374.9039
1910.505026,374.8981
1911.425813,374.9022
1912.346504,374.9082
1913.26717,374.914
1914.18786,374.9621
1915.10855,374.9623
1916.029216,374.9937
1916.985269,375.005
1917.94144,374.9626
1918.897493,374.9388
1919.853546,374.9545
1920.809618,374.9864
1921.765671,374.9985
1922.748719,374.998
1923.731866,375.0074
1924.715013,374.9805
1925.698061,374.9195
1926.681208,374.8332
1927.664256,374.7665
1928.589937,374.7156
1929.515613,374.656
1930.441394,374.5833
1931.367069,374.5258
1932.29275,374.4911
1933.218425,374.449
1934.18617,374.3023
1935.153894,374.103
1936.12164,373.9497
1937.089385,373.7854
1938.057206,373.6802
1939.024951,373.5327
1939.907935,373.4015
1940.79105,373.3032
1941.674034,373.2174
1942.557109,373.1239
1943.440093,373.026
1944.323168,372.9195
1945.196755,372.8176
1946.070342,372.7831
1946.943929,372.7269
1947.817515,372.5785
1948.691102,372.4244
1949.564689,372.3536
1950.505825,372.3297
1951.447057,372.2657
1952.388166,372.0876
1953.329398,371.9294
1954.270534,371.8293
1955.211739,371.7195
1956.10093,371.6235
1956.990104,371.5322
1957.879376,371.4117
1958.768567,371.3191
1959.657741,371.2465
1960.547013,371.1622
1961.393923,371.0709
1962.240849,370.9985
1963.087857,370.9483
1963.934783,370.9193
1964.781693,370.8481
1965.628718,370.7127
1966.594799,370.6491
1967.560912,370.5898
1968.526994,370.5534
1969.493076,370.4423
1970.459188,370.3964
1971.42527,370.3101
1972.365854,370.2483
1973.306438,370.218
1974.247022,370.1639
1975.187568,370.095
1976.128152,370.0429
1977.068736,369.9747
1977.910214,369.8502
1978.751691,369.8212
1979.59313,369.7881
1980.434608,369.6766
1981.276085,369.6501
1982.117563,369.6022
1983.065151,369.5238
1984.012646,369.4693
1984.960234,369.4167
1985.90773,369.3386
1986.855225,369.2441
1987.802813,369.1857
1988.653889,369.0768
1989.50506,368.9598
1990.356136,368.8485
1991.207307,368.7246
1992.058383,368.6098
1992.909526,368.51
1993.868808,368.3654
1994.828061,368.2
1995.787314,368.0807
1996.746567,367.9547
1997.705849,367.8035
1998.665101,367.6643
1999.503766,367.5538
2000.342431,367.4739
2001.181191,367.3593
2002.019856,367.2617
2002.858521,367.1981
2003.697281,367.1618
2004.63259,367.0519
2005.567999,366.941
2006.503409,366.8264
2007.438718,366.714
2008.374127,366.6451
2009.309536,366.582
2010.219569,366.4908
2011.129602,366.4184
2012.039729,366.3713
2012.949762,366.3436
2013.859889,366.3168
2014.769922,366.2367
2015.627239,366.1736
2016.484598,366.1291
2017.341957,366.1322
2018.199315,366.139
2019.056674,366.1418
2019.913992,366.1457
2020.771441,366.1191
2021.625899,366.0605
2022.480391,366.0152
2023.334883,366.0006
2024.189426,366.0102
2025.043918,366.0167
2025.89841,366.0176
2026.753574,366.0043
2027.608788,366.0047
2028.463953,366.0155
2029.319205,366.0148
2030.17437,366.0002
2031.029535,365.9896
2031.889629,366.0241
2032.749811,366.0129
2033.609994,365.9852
2034.470088,365.97
2035.330271,365.99
2036.190364,365.9987
2037.182293,366.0264
2038.174169,366.0286
2039.166012,366.02
2040.157941,365.9964
2041.149785,365.9775
2042.141713,365.9659
2042.999622,365.9554
2043.857531,365.9513
2044.71544,365.9086
2045.573491,365.9141
2046.431399,365.8636
2047.289308,365.7888
2048.244822,365.7661
2049.200251,365.732
2050.155711,365.654
2051.11114,365.5643
2052.066653,365.4097
2053.022082,365.2383
2053.941017,365.0997
2054.859824,364.9787
2055.77863,364.8471
2056.697471,364.6772
2057.616371,364.4779
2058.535212,364.2923
2059.489088,364.1082
2060.442993,363.9194
2061.396993,363.7351
2062.350869,363.5324
2063.304773,363.3056
2064.258649,363.0643
2065.095994,362.9027
2065.933238,362.731
2066.770483,362.4434
2067.607828,362.2218
2068.445073,362.0259
2069.282417,361.8347
2070.176526,361.6419
2071.070719,361.425
2071.964827,361.3271
2072.858922,361.1213
2073.753129,360.9445
2074.647224,360.8243
2075.532332,360.7267
2076.417326,360.6169
2077.302434,360.4652
2078.187428,360.3219
2079.072537,360.1877
2079.957531,360.0736
2080.842639,359.9294
2081.82,359.8112
2082.797449,359.7645
2083.774809,359.6954
2084.752258,359.6328
2085.729608,359.5966
2086.707068,359.5402
2087.575977,359.49
2088.444886,359.4565
2089.313701,359.4178
2090.18261,359.3679
2091.051519,359.2896
2091.920428,359.2032
2092.910262,359.16
2093.900095,359.1021
2094.889987,359.0767
2095.879821,359.0684
2096.869654,359.0416
2097.859453,358.9706
2098.760763,358.8954
2099.661976,358.853
2100.563164,358.802
2101.464474,358.7654
2102.365688,358.7562
2103.266973,358.7188
2104.224131,358.6894
2105.181381,358.6664
2106.138538,358.6166
2107.095788,358.55
2108.052946,358.5244
2109.010157,358.5228
2109.960972,358.4732
2110.911917,358.4195
2111.862732,358.3842
2112.813639,358.3083
2113.764454,358.2621
2114.715269,358.2314
2115.64648,358.1952
2116.57783,358.1488
2117.5091,358.0655
2118.440311,358.0465
2119.371581,358.0558
2120.302791,358.0842
2121.248557,358.1332
2122.194408,358.1491
2123.14021,358.1705
2124.085975,358.1969
2125.031777,358.2173
2125.977629,358.1838
2126.872906,358.1385
2127.768184,358.1872
2128.663402,358.2328
2129.558679,358.2677
2130.453957,358.3293
2131.349234,358.361
2132.303224,358.4209
2133.257284,358.5148
2134.211344,358.6382
2135.165334,358.7824
2136.119395,358.9056
2137.073384,359.0828
2137.956414,359.333
2138.839369,359.4773
2139.722399,359.6109
2140.605429,359.726
2141.48846,359.7634
2142.371425,359.771
2143.304685,359.8109
2144.238029,359.8575
2145.171374,359.987
2146.104634,360.1166
2147.037979,360.3121
2147.971324,360.5069
2148.830097,360.5574
2149.688949,360.6711
2150.547863,360.7903
2151.406715,360.9355
2152.265567,361.1184
2153.124402,361.2758
2154.038138,361.3173
2154.951953,361.3474
2155.865689,361.4382
2156.779504,361.5108
2157.69332,361.5852
2158.607056,361.6612
2159.460203,361.7317
2160.31335,361.8285
2161.166429,361.915
2162.019576,362.0086
2162.872651,362.1299
2163.725729,362.2733
2164.565553,362.327
2165.405295,362.3951
2166.245119,362.4869
2167.084804,362.5543
2167.924545,362.5607
2168.764369,362.5672
2169.735473,362.5
2170.706576,362.4175
2171.677634,362.3385
2172.648737,362.2095
2173.619841,362.1279
2174.590945,362.1584
2175.503202,362.0834
2176.415459,361.9913
2177.327717,361.9
2178.240074,361.7954
2179.152331,361.6998
2180.064588,361.6284
2181.02213,361.4762
2181.979643,361.307
2182.937184,361.1602
2183.894822,361.0303
2184.852335,360.8897
2185.809876,360.7532
2186.709948,360.6438
2187.610045,360.5283
2188.510116,360.3961
2189.410213,360.2571
2190.310285,360.1184
2191.210382,359.9824
2192.155465,359.8697
2193.100644,359.722
2194.045754,359.5823
2194.990837,359.4279
2195.93592,359.2708
2196.881003,359.1323
2197.872608,359.0232
2198.864227,358.9471
2199.855733,358.7869
2200.847352,358.64
2201.838858,358.5238
2202.830463,358.4256
2203.745163,358.2987
2204.659963,358.1924
2205.574664,358.1543
2206.489464,358.0723
2207.404164,357.9488
2208.318864,357.8297
2209.176392,357.7267
2210.033833,357.6366
2210.891262,357.5153
2211.74879,357.4194
2212.606218,357.3721
2213.463659,357.2932
2214.321088,357.1888
2215.30475,357.0009
2216.288425,356.8799
2217.271988,356.8052
2218.25565,356.6692
2219.239213,356.5135
2220.222889,356.3985
2221.061066,356.2355
2221.899334,356.0754
2222.737644,355.9256
2223.575912,355.8058
2224.41418,355.6842
2225.25249,355.5595
2226.105198,355.4529
2226.958019,355.3791
2227.810742,355.3116
2228.663563,355.2345
2229.516286,355.1601
2230.369092,355.0881
2231.225777,354.9988
2232.082562,354.8777
2232.939248,354.781
2233.796033,354.7216
2234.652806,354.6687
2235.509491,354.5929
2236.419156,354.537
2237.328834,354.4747
2238.238499,354.4193
2239.148164,354.3322
2240.05783,354.2862
2240.967395,354.2307
2241.823499,354.1924
2242.679602,354.1779
2243.535705,354.1746
2244.391808,354.1869
2245.247939,354.2053
2246.104042,354.2323
2247.045001,354.2596
2247.98589,354.2861
2248.926849,354.3121
2249.867835,354.371
2250.808698,354.4329
2251.749683,354.4651
2252.64724,354.4802
2253.544896,354.4346
2254.442464,354.3976
2255.340021,354.3906
2256.237588,354.3896
2257.135145,354.3784
2258.021533,354.3769
2258.907907,354.3349
2259.794295,354.2876
2260.680683,354.2401
2261.566958,354.1804
2262.453345,354.1428
2263.43556,354.0648
2264.417665,353.8811
2265.39978,353.6988
2266.381984,353.64
2267.3641,353.629
2268.346204,353.6349
2269.256458,353.6604
2270.166599,353.5986
2271.076754,353.5431
2271.986994,353.4656
2272.897149,353.4421
2273.807389,353.4359
2274.69254,353.3892
2275.577789,353.3331
2276.46294,353.2654
2277.348189,353.2255
2278.23334,353.2138
2279.118589,353.1861
2280.06219,353.0753
2281.005692,353.0598
2281.949293,353.0241
2282.892909,352.9883
2283.83651,352.9269
2284.780111,352.8596
2285.779294,352.8272
2286.778456,352.7753
2287.77764,352.7211
2288.776802,352.6907
2289.775985,352.65
2290.775168,352.635
2291.767144,352.6488
2292.759119,352.6641
2293.751095,352.6426
2294.743071,352.5908
2295.735046,352.5381
2296.727022,352.4962
2297.722404,352.4418
2298.717786,352.3926
2299.713069,352.3539
2300.708456,352.314
2301.703838,352.2369
2302.699221,352.13
2303.697921,352.0813
2304.696719,352.0835
2305.69542,352.014
2306.69412,351.9844
2307.692918,351.9343
2308.691619,351.8633
2309.663816,351.7556
2310.636014,351.666
2311.608258,351.6004
2312.580456,351.5633
2313.552654,351.4849
2314.524808,351.4017
2315.483655,351.2821
2316.442445,351.1611
2317.40121,351.015
2318.36,350.8277
2319.318765,350.5482
2320.277555,350.1244
2321.213452,349.6241
2322.149459,349.3387
2323.085455,348.9945
2324.021352,348.5663
2324.957348,348.145
2325.893345,347.7907
2326.863005,347.5311
2327.832675,347.3465
2328.802235,347.152
2329.771905,346.8745
2330.741565,346.7101
2331.711235,346.5057
2332.642046,346.241
2333.572756,345.9845
2334.503459,345.9952
2335.43417,346.0485
2336.36488,346.0702
2337.295691,346.0239
2338.198952,346.0091
2339.102212,346.0016
2340.005376,345.9892
2340.908637,345.9808
2341.811922,346.0039
2342.715183,345.9976
2343.581997,345.9565
2344.448818,345.944
2345.315638,345.9469
2346.18236,345.9826
2347.04918,346.0239
2347.916001,346.0372
2348.868867,346.0215
2349.821738,346.0426
2350.774604,346.0705
2351.727475,346.0745
2352.680441,346.0366
2353.633312,345.9498
2354.501568,345.9563
2355.369935,345.9682
2356.238191,345.9902
2357.106546,345.9983
2357.9749,345.9727
2358.843169,345.9573
2359.711523,345.9776
2360.611999,345.9677
2361.512459,345.9419
2362.412934,345.9091
2363.31331,345.8977
2364.213771,345.8903
2365.114246,345.9014
2366.111126,345.9383
2367.107906,345.9344
2368.104686,345.9403
2369.101566,345.9556
2370.098346,345.9626
2371.095226,345.9495
2371.928875,345.9725
2372.762518,345.9862
2373.596267,345.9955
2374.42991,345.9983
2375.263654,345.9863
2376.097302,345.9908
2377.074987,346.04
2378.052673,345.9923
2379.030358,345.941
2380.007944,345.9111
2380.985629,345.9062
2381.963314,345.9298
2382.83584,345.921
2383.708378,345.9083
2384.580905,345.9134
2385.453332,345.9381
2386.325869,345.9371
2387.198396,345.8867
2388.070934,345.8265
2388.949098,345.8802
2389.827358,345.897
2390.705523,345.8934
2391.583783,345.8837
2392.461977,345.8496
2393.340237,345.8149
2394.218402,345.8517
2395.09994,345.8534
2395.981479,345.8687
2396.862885,345.8913
2397.744423,345.8946
2398.625962,345.8886
2399.5075,345.8531
2400.345624,345.8329
2401.183822,345.8251
2402.022013,345.8312
2402.860211,345.8315
2403.698408,345.8392
2404.5366,345.8421
2405.437616,345.8281
2406.338707,345.7988
2407.239798,345.8139
2408.140881,345.8407
2409.041972,345.8108
2409.942989,345.807
2410.844079,345.8096
2411.765194,345.8035
2412.686249,345.8021
2413.607363,345.7749
2414.528477,345.7563
2415.449533,345.7261
2416.370647,345.7564
2417.284737,345.7878
2418.198828,345.7849
2419.112919,345.7046
2420.027094,345.6807
2420.941185,345.7067
2421.855275,345.7348
2422.76236,345.7262
2423.669405,345.7259
2424.576489,345.7061
2425.483574,345.6933
2426.390619,345.6878
2427.297704,345.6956
2428.137622,345.7123
2428.97754,345.7045
2429.817554,345.7082
2430.657472,345.7114
2431.49739,345.7148
2432.337404,345.7299
2433.299004,345.6919
2434.260705,345.672
2435.222305,345.7228
2436.184005,345.6886
2437.145606,345.7051
2438.107306,345.7411
2438.959333,345.761
2439.811247,345.7802
2440.66326,345.7818
2441.515288,345.7764
2442.367301,345.8236
2443.219313,345.8391
2444.070763,345.8186
2444.922294,345.8005
2445.773744,345.8141
2446.625176,345.8434
2447.476626,345.8535
2448.328157,345.812
2449.212515,345.8365
2450.096945,345.8197
2450.981279,345.8065
2451.865733,345.8272
2452.750067,345.8524
2453.634521,345.8539
2454.611589,345.8284
2455.588783,345.8106
2456.565883,345.7758
2457.543078,345.7412
2458.520145,345.7138
2459.49734,345.7226
2460.450838,345.7166
2461.404419,345.6999
2462.357901,345.722
2463.311399,345.7401
2464.264981,345.7616
2465.218463,345.7852
2466.157552,345.7997
2467.096623,345.8044
2468.035712,345.8173
2468.974685,345.7737
2469.913774,345.774
2470.852845,345.7812
2471.716655,345.7643
2472.580466,345.7615
2473.444372,345.7672
2474.308153,345.7685
2475.171963,345.7686
2476.035773,345.753
2476.949672,345.7722
2477.863571,345.8061
2478.777464,345.8296
2479.691363,345.8469
2480.605262,345.8711
2481.519061,345.8755
2482.491677,345.857
2483.464172,345.8387
2484.436764,345.8438
2485.409282,345.8281
2486.381875,345.836
2487.354393,345.8383
2488.347342,345.8765
2489.340292,345.8956
2490.333241,345.8716
2491.326191,345.8674
2492.31914,345.8308
2493.31209,345.8201
2494.200099,345.8531
2495.088107,345.869
2495.976141,345.8436
2496.86415,345.8395
2497.752159,345.8754
2498.640167,345.8509
2499.585507,345.8594
2500.53094,345.8523
2501.476279,345.8543
2502.421713,345.8837
2503.367052,345.8952
2504.312391,345.9126
2505.255869,345.9547
2506.199347,345.9713
2507.14284,345.9529
2508.086318,345.9198
2509.029796,345.8665
2509.973273,345.8527
2510.897917,345.8886
2511.822543,345.9114
2512.747186,345.904
2513.67191,345.9028
2514.596553,345.913
2515.521179,345.9219
2516.416007,345.9263
2517.310834,345.9162
2518.205661,345.9056
2519.100471,345.9101
2519.995298,345.9196
2520.890126,345.935
2521.801437,345.9389
2522.712654,345.9365
2523.623965,345.9228
2524.535276,345.8761
2525.446493,345.8608
2526.357804,345.8709
2527.241613,345.9137
2528.125327,345.9289
2529.009136,345.9445
2529.892878,345.9637
2530.776688,345.9311
2531.660401,345.9007
2532.659528,345.9146
2533.658555,345.885
2534.657682,345.875
2535.656709,345.8891
2536.655836,345.8744
2537.654863,345.8916
2538.623018,345.8563
2539.591147,345.8513
2540.559301,345.8216
2541.527456,345.7947
2542.495584,345.7724
2543.463642,345.7359
2544.350766,345.7144
2545.237792,345.698
2546.12494,345.6944
2547.011966,345.7059
2547.89909,345.719
2548.786116,345.7397
2549.656704,345.7622
2550.527293,345.7469
2551.397881,345.7535
2552.26847,345.8124
2553.139154,345.8198
2554.009742,345.8065
2554.880331,345.8101
2555.714255,345.8065
2556.54832,345.8216
2557.382244,345.8174
2558.21631,345.7807
2559.050303,345.774
2559.884299,345.7551
2560.775354,345.7552
2561.666393,345.7593
2562.557448,345.7875
2563.448502,345.8175
2564.339557,345.8459
2565.230596,345.855
2566.229209,345.8483
2567.22774,345.8189
2568.226353,345.7883
2569.224884,345.7715
2570.223497,345.8082
2571.222027,345.8459
2572.199345,345.8453
2573.176759,345.8242
2574.154101,345.8012
2575.131515,345.75
2576.108833,345.7525
2577.086247,345.7621
2578.041757,345.7373
2578.997367,345.7459
2579.952877,345.7544
2580.908387,345.7488
2581.863998,345.7633
2582.819508,345.7553
2583.783797,345.7364
2584.7481,345.7357
2585.71239,345.7454
2586.676778,345.7408
2587.641081,345.7254
2588.605371,345.743
2589.441977,345.77
2590.278628,345.7872
2591.11519,345.7773
2591.951797,345.7599
2592.788448,345.7375
2593.625009,345.73
2594.585161,345.7554
2595.545314,345.8084
2596.505396,345.8507
2597.465548,345.8564
2598.425559,345.8867
2599.385711,345.8796
2600.251177,345.9131
2601.116578,345.9513
2601.981967,345.9709
2602.847368,346.0135
2603.712834,346.0267
2604.578299,346.0029
2605.443701,346.0008
2606.307337,346.0277
2607.170973,346.0886
2608.03452,346.132
2608.898156,346.1587
2609.761792,346.182
2610.625428,346.1908
2611.489064,346.1945
2612.450888,346.1588
2613.412666,346.0917
2614.374489,346.0536
2615.336223,346.0723
2616.298091,346.094
2617.259825,346.0869
2618.21319,346.0812
2619.166429,346.0748
2620.119794,346.0865
2621.073159,346.0827
2622.026429,346.0528
2622.979763,346.0483
2623.957353,346.0767
2624.934909,346.0693
2625.9125,346.0692
2626.890184,346.0542
2627.86774,346.0584
2628.845331,346.0323
2629.727031,346.0086
2630.608695,346.0109
2631.490302,346.0216
2632.372003,346.0279
2633.253703,346.0142
2634.135311,345.9896
2635.129474,345.9693
2636.123702,345.9591
2637.117865,345.9855
2638.112027,346.0376
2639.10619,346.0287
2640.100323,346.0117
2641.089903,346.0042
2642.079484,345.9981
2643.068967,346.0103
2644.058548,346.0155
2645.048153,346.0031
2646.037733,345.9903
2646.942164,345.9843
2647.846594,346.0039
2648.751025,345.9762
2649.655576,346.0052
2650.560006,346.0258
2651.464437,346.0111
2652.415124,345.9803
2653.365907,345.9711
2654.316595,345.9713
2655.267282,345.9762
2656.217969,345.9997
2657.168752,346.0393
2658.131968,345.9865
2659.095214,345.9452
2660.05843,345.9094
2661.021772,345.8949
2661.984987,345.8755
2662.948203,345.8727
2663.836057,345.8636
2664.723912,345.8401
2665.611766,345.8393
2666.499523,345.8382
2667.387355,345.8442
2668.275209,345.7964
2669.097148,345.7916
2669.919183,345.808
2670.741095,345.8219
