OBJECTID,FIRST_DIST,FIRST_Z,SEC_DIST,SEC_Z,LINE_ID,SRC_TYPE,SRC_ID,SRC_NAME
-1,0.000000000000000,346.006800000002841,,,1,Surface,0,dem_1m_m
-1,0.991669586708843,346.001399999993737,,,1,Surface,0,dem_1m_m
-1,1.983423553279590,345.962400000003981,,,1,Surface,0,dem_1m_m
-1,2.975093139988433,345.917400000005728,,,1,Surface,0,dem_1m_m
-1,3.966847106830194,345.891699999992852,,,1,Surface,0,dem_1m_m
-1,4.958516694189208,345.874599999995553,,,1,Surface,0,dem_1m_m
-1,5.950186280898051,345.841499999994994,,,1,Surface,0,dem_1m_m
-1,6.941940247739812,345.786600000006729,,,1,Surface,0,dem_1m_m
-1,7.933609834177429,345.713099999993574,,,1,Surface,0,dem_1m_m
-1,8.822939401964859,345.701600000000326,,,1,Surface,0,dem_1m_m
-1,9.712302393121988,345.684999999997672,,,1,Surface,0,dem_1m_m
-1,10.601537710923578,345.745100000000093,,,1,Surface,0,dem_1m_m
-1,11.490867278711008,345.822400000004563,,,1,Surface,0,dem_1m_m
-1,12.380196846498437,345.820000000006985,,,1,Surface,0,dem_1m_m
-1,13.269526413408087,345.795899999997346,,,1,Surface,0,dem_1m_m
-1,14.158795158121782,345.780100000003586,,,1,Surface,0,dem_1m_m
-1,15.048124725909211,345.752200000002631,,,1,Surface,0,dem_1m_m
-1,15.937454293696641,345.766799999997602,,,1,Surface,0,dem_1m_m
-1,16.914983198867183,345.822100000004866,,,1,Surface,0,dem_1m_m
-1,17.892451408399094,345.836400000000140,,,1,Surface,0,dem_1m_m
-1,18.869980312692167,345.881299999993644,,,1,Surface,0,dem_1m_m
-1,19.847542735421616,345.853199999997742,,,1,Surface,0,dem_1m_m
-1,20.825105157526664,345.831999999994878,,,1,Surface,0,dem_1m_m
-1,21.802634062697205,345.859800000005635,,,1,Surface,0,dem_1m_m
-1,22.780196485426654,345.856499999994412,,,1,Surface,0,dem_1m_m
-1,23.757631174168960,345.870800000004238,,,1,Surface,0,dem_1m_m
-1,24.735193596898409,345.894100000004983,,,1,Surface,0,dem_1m_m
-1,25.658136769161210,345.898400000005495,,,1,Surface,0,dem_1m_m
-1,26.580950315274034,345.903600000005099,,,1,Surface,0,dem_1m_m
-1,27.503893488217560,345.938500000003842,,,1,Surface,0,dem_1m_m
-1,28.426743577841194,345.955400000006193,,,1,Surface,0,dem_1m_m
-1,29.349686750784720,345.983500000002095,,,1,Surface,0,dem_1m_m
-1,30.272536841275240,345.952000000004773,,,1,Surface,0,dem_1m_m
-1,31.195480014218766,345.933699999994133,,,1,Surface,0,dem_1m_m
-1,32.118330105390079,345.948399999993853,,,1,Surface,0,dem_1m_m
-1,33.041236736280396,345.944300000002841,,,1,Surface,0,dem_1m_m
-1,33.998460827493666,345.920800000007148,,,1,Surface,0,dem_1m_m
-1,34.955684917853667,345.934999999997672,,,1,Surface,0,dem_1m_m
-1,35.912868939308950,345.958899999997811,,,1,Surface,0,dem_1m_m
-1,36.870093029775781,345.975900000004913,,,1,Surface,0,dem_1m_m
-1,37.827317120135781,346.009500000000116,,,1,Surface,0,dem_1m_m
-1,38.784501141591065,345.971399999994901,,,1,Surface,0,dem_1m_m
-1,39.741725232804335,346.023900000000140,,,1,Surface,0,dem_1m_m
-1,40.698909253406313,346.089600000006612,,,1,Surface,0,dem_1m_m
-1,41.656133343873144,346.107600000003004,,,1,Surface,0,dem_1m_m
-1,42.598104176334232,346.080400000006193,,,1,Surface,0,dem_1m_m
-1,43.540131400282348,346.002600000007078,,,1,Surface,0,dem_1m_m
-1,44.482102233609929,345.901599999997416,,,1,Surface,0,dem_1m_m
-1,45.424129456691503,345.889599999994971,,,1,Surface,0,dem_1m_m
-1,46.366193329548409,345.853400000007241,,,1,Surface,0,dem_1m_m
-1,47.308127510347205,345.849400000006426,,,1,Surface,0,dem_1m_m
-1,48.250191382337604,345.843800000002375,,,1,Surface,0,dem_1m_m
-1,49.192125562453782,345.808900000003632,,,1,Surface,0,dem_1m_m
-1,50.089068375639421,345.782600000005914,,,1,Surface,0,dem_1m_m
-1,50.985981326160761,345.739900000000489,,,1,Surface,0,dem_1m_m
-1,51.882924138790067,345.703200000003562,,,1,Surface,0,dem_1m_m
-1,52.779741651167562,345.734100000001490,,,1,Surface,0,dem_1m_m
-1,53.676654601688902,345.740300000004936,,,1,Surface,0,dem_1m_m
-1,54.573597414318208,345.760699999998906,,,1,Surface,0,dem_1m_m
-1,55.470510363950709,345.804099999993923,,,1,Surface,0,dem_1m_m
-1,56.464775806313014,345.849499999996624,,,1,Surface,0,dem_1m_m
-1,57.459133167136685,345.867599999997765,,,1,Surface,0,dem_1m_m
-1,58.453490527226805,345.861499999999069,,,1,Surface,0,dem_1m_m
-1,59.447847888172987,345.873500000001513,,,1,Surface,0,dem_1m_m
-1,60.442073948990640,345.900899999993271,,,1,Surface,0,dem_1m_m
-1,61.436431309080760,345.914699999993900,,,1,Surface,0,dem_1m_m
-1,62.430788669170880,345.963199999998324,,,1,Surface,0,dem_1m_m
-1,63.406803345657472,345.948099999994156,,,1,Surface,0,dem_1m_m
-1,64.382904621142970,345.967399999994086,,,1,Surface,0,dem_1m_m
-1,65.359005897559882,346.003700000001118,,,1,Surface,0,dem_1m_m
-1,66.335070588103306,346.002299999992829,,,1,Surface,0,dem_1m_m
-1,67.311171863588811,346.034799999993993,,,1,Surface,0,dem_1m_m
-1,68.287186540075410,346.016199999998207,,,1,Surface,0,dem_1m_m
-1,69.263287815560915,345.898400000005495,,,1,Surface,0,dem_1m_m
-1,70.239302492854009,345.829400000002352,,,1,Surface,0,dem_1m_m
-1,71.158265022512296,345.802800000004936,,,1,Surface,0,dem_1m_m
-1,72.077174909868177,345.846099999995204,,,1,Surface,0,dem_1m_m
-1,72.996137438433152,345.830700000005891,,,1,Surface,0,dem_1m_m
-1,73.915047325789033,345.929699999993318,,,1,Surface,0,dem_1m_m
-1,74.833957211561199,345.998999999996158,,,1,Surface,0,dem_1m_m
-1,75.752919741709803,346.224700000006123,,,1,Surface,0,dem_1m_m
-1,76.671829627481969,346.374500000005355,,,1,Surface,0,dem_1m_m
-1,77.599509594684164,346.398100000005797,,,1,Surface,0,dem_1m_m
-1,78.527261290405704,346.440600000001723,,,1,Surface,0,dem_1m_m
-1,79.454941256939890,346.528399999995600,,,1,Surface,0,dem_1m_m
-1,80.382551546533534,346.578599999993457,,,1,Surface,0,dem_1m_m
-1,81.310303243552852,346.633499999996275,,,1,Surface,0,dem_1m_m
-1,82.237983209457170,346.683300000004238,,,1,Surface,0,dem_1m_m
-1,83.146246871266101,346.724900000001071,,,1,Surface,0,dem_1m_m
-1,84.054546612933521,346.762300000002142,,,1,Surface,0,dem_1m_m
-1,84.962810274742452,346.780599999998230,,,1,Surface,0,dem_1m_m
-1,85.871160345231701,346.809800000002724,,,1,Surface,0,dem_1m_m
-1,86.779424007040632,346.835999999995693,,,1,Surface,0,dem_1m_m
-1,87.687723748708052,346.859800000005635,,,1,Surface,0,dem_1m_m
-1,88.595987410516983,346.848800000007031,,,1,Surface,0,dem_1m_m
-1,89.504251073130646,346.861399999994319,,,1,Surface,0,dem_1m_m
-1,90.502501908452544,346.889899999994668,,,1,Surface,0,dem_1m_m
-1,91.500752743013706,346.918799999999464,,,1,Surface,0,dem_1m_m
-1,92.499044423877763,346.961899999994785,,,1,Surface,0,dem_1m_m
-1,93.497295259199660,346.965200000006007,,,1,Surface,0,dem_1m_m
-1,94.495546094521558,346.981299999999464,,,1,Surface,0,dem_1m_m
-1,95.493796929843455,346.971499999999651,,,1,Surface,0,dem_1m_m
-1,96.389348826819173,346.959499999997206,,,1,Surface,0,dem_1m_m
-1,97.284863008890881,346.973199999993085,,,1,Surface,0,dem_1m_m
-1,98.180377190962588,346.978700000006938,,,1,Surface,0,dem_1m_m
-1,99.075929087075778,346.975999999995111,,,1,Surface,0,dem_1m_m
-1,99.971350652916854,346.987599999993108,,,1,Surface,0,dem_1m_m
-1,100.866864834988561,346.990399999995134,,,1,Surface,0,dem_1m_m
-1,101.762416731964279,346.984599999996135,,,1,Surface,0,dem_1m_m
-1,102.657930914035987,346.977499999993597,,,1,Surface,0,dem_1m_m
-1,103.562271805646489,346.985599999999977,,,1,Surface,0,dem_1m_m
-1,104.466582953190894,347.012799999996787,,,1,Surface,0,dem_1m_m
-1,105.370978098065095,346.992599999997765,,,1,Surface,0,dem_1m_m
-1,106.275318991468438,346.967399999994086,,,1,Surface,0,dem_1m_m
-1,107.179714137124947,346.955000000001746,,,1,Surface,0,dem_1m_m
-1,108.084055030528290,346.979800000000978,,,1,Surface,0,dem_1m_m
-1,108.988450175402491,347.012900000001537,,,1,Surface,0,dem_1m_m
-1,109.892707064643361,347.010699999998906,,,1,Surface,0,dem_1m_m
-1,110.788612104427528,346.998200000001816,,,1,Surface,0,dem_1m_m
-1,111.684517143031201,346.985799999994924,,,1,Surface,0,dem_1m_m
-1,112.580422182815369,347.004100000005565,,,1,Surface,0,dem_1m_m
-1,113.476263848794062,347.003400000001420,,,1,Surface,0,dem_1m_m
-1,114.372091539003563,346.970199999996112,,,1,Surface,0,dem_1m_m
-1,115.267996578787731,346.944399999993038,,,1,Surface,0,dem_1m_m
-1,116.163901618571899,346.926999999996042,,,1,Surface,0,dem_1m_m
-1,117.059743283370224,346.911200000002282,,,1,Surface,0,dem_1m_m
-1,117.955570973579725,346.945999999996275,,,1,Surface,0,dem_1m_m
-1,118.881460475718427,346.942399999999907,,,1,Surface,0,dem_1m_m
-1,119.807349976682076,346.908599999995204,,,1,Surface,0,dem_1m_m
-1,120.733239479543400,346.885399999999208,,,1,Surface,0,dem_1m_m
-1,121.659128981682102,346.856799999994109,,,1,Surface,0,dem_1m_m
-1,122.584940895849755,346.820699999996577,,,1,Surface,0,dem_1m_m
-1,123.510830397536026,346.825800000005984,,,1,Surface,0,dem_1m_m
-1,124.436719899674728,346.833700000002864,,,1,Surface,0,dem_1m_m
-1,125.362609401813430,346.848400000002584,,,1,Surface,0,dem_1m_m
-1,126.288498903499701,346.866699999998673,,,1,Surface,0,dem_1m_m
-1,127.216750873434549,346.865600000004633,,,1,Surface,0,dem_1m_m
-1,128.145064834790958,346.812699999994948,,,1,Surface,0,dem_1m_m
-1,129.073395277466005,346.806899999995949,,,1,Surface,0,dem_1m_m
-1,130.001647247400854,346.817999999999302,,,1,Surface,0,dem_1m_m
-1,130.929899216911906,346.809099999998580,,,1,Surface,0,dem_1m_m
-1,131.858229659586954,346.813399999999092,,,1,Surface,0,dem_1m_m
-1,132.786543620212626,346.811499999996158,,,1,Surface,0,dem_1m_m
-1,133.714795590878282,346.785399999993388,,,1,Surface,0,dem_1m_m
-1,134.643047559658527,346.764299999995274,,,1,Surface,0,dem_1m_m
-1,135.631813134331907,346.759500000000116,,,1,Surface,0,dem_1m_m
-1,136.620438776651611,346.776899999997113,,,1,Surface,0,dem_1m_m
-1,137.609204350212423,346.749700000000303,,,1,Surface,0,dem_1m_m
-1,138.597889725067120,346.765499999994063,,,1,Surface,0,dem_1m_m
-1,139.586595570191349,346.789499999998952,,,1,Surface,0,dem_1m_m
-1,140.575280945792940,346.805800000001909,,,1,Surface,0,dem_1m_m
-1,141.563966320647637,346.773000000001048,,,1,Surface,0,dem_1m_m
-1,142.552672165771867,346.763200000001234,,,1,Surface,0,dem_1m_m
-1,143.531481207324504,346.802700000000186,,,1,Surface,0,dem_1m_m
-1,144.510350866484259,346.824900000006892,,,1,Surface,0,dem_1m_m
-1,145.489159909165920,346.834900000001653,,,1,Surface,0,dem_1m_m
-1,146.467968950718557,346.808799999998882,,,1,Surface,0,dem_1m_m
-1,147.446857529444770,346.809800000002724,,,1,Surface,0,dem_1m_m
-1,148.425666570997407,346.861699999994016,,,1,Surface,0,dem_1m_m
-1,149.404536230157163,346.892999999996391,,,1,Surface,0,dem_1m_m
-1,150.383345271709800,346.892200000002049,,,1,Surface,0,dem_1m_m
-1,151.380638669475076,346.975300000005518,,,1,Surface,0,dem_1m_m
-1,152.377895275313165,347.015799999993760,,,1,Surface,0,dem_1m_m
-1,153.375238551751806,346.996799999993527,,,1,Surface,0,dem_1m_m
-1,154.372581828190448,346.929799999998068,,,1,Surface,0,dem_1m_m
-1,155.369838434957757,346.883499999996275,,,1,Surface,0,dem_1m_m
-1,156.367181710467264,346.883100000006380,,,1,Surface,0,dem_1m_m
-1,157.364388434226157,346.948000000003958,,,1,Surface,0,dem_1m_m
-1,158.361651418868945,346.923999999999069,,,1,Surface,0,dem_1m_m
-1,159.358955068917851,346.825800000005984,,,1,Surface,0,dem_1m_m
-1,160.356218052803257,346.691000000006170,,,1,Surface,0,dem_1m_m
-1,161.353481037446045,346.586699999999837,,,1,Surface,0,dem_1m_m
-1,162.350744022088833,346.543300000004820,,,1,Surface,0,dem_1m_m
-1,163.348007005880760,346.557700000004843,,,1,Surface,0,dem_1m_m
-1,164.345269990523548,346.662400000001071,,,1,Surface,0,dem_1m_m
-1,165.284712655382918,346.792199999996228,,,1,Surface,0,dem_1m_m
-1,166.224293678312591,346.900699999998324,,,1,Surface,0,dem_1m_m
-1,167.163736343407294,346.990200000000186,,,1,Surface,0,dem_1m_m
-1,168.103179007486062,347.119000000006054,,,1,Surface,0,dem_1m_m
-1,169.042621672345433,347.243600000001607,,,1,Surface,0,dem_1m_m
-1,169.982202696291097,347.393700000000536,,,1,Surface,0,dem_1m_m
-1,170.921645360369865,347.568599999998696,,,1,Surface,0,dem_1m_m
-1,171.861088024448634,347.670899999997346,,,1,Surface,0,dem_1m_m
-1,172.800614507417322,347.754600000000210,,,1,Surface,0,dem_1m_m
-1,173.748047269917095,347.798099999999977,,,1,Surface,0,dem_1m_m
-1,174.695423272458356,347.808399999994435,,,1,Surface,0,dem_1m_m
-1,175.642881608943839,347.893599999995786,,,1,Surface,0,dem_1m_m
-1,176.590257611194687,347.953699999998207,,,1,Surface,0,dem_1m_m
-1,177.537633614502738,347.975099999996019,,,1,Surface,0,dem_1m_m
-1,178.485091950988220,347.995999999999185,,,1,Surface,0,dem_1m_m
-1,179.432467952472308,348.013300000005984,,,1,Surface,0,dem_1m_m
-1,180.379843955780359,348.069499999997788,,,1,Surface,0,dem_1m_m
-1,181.327302292265841,348.129199999995762,,,1,Surface,0,dem_1m_m
-1,182.211839605943283,348.173399999999674,,,1,Surface,0,dem_1m_m
-1,183.096327690123985,348.199200000002747,,,1,Surface,0,dem_1m_m
-1,183.980815774198447,348.218999999997322,,,1,Surface,0,dem_1m_m
-1,184.865353087875889,348.336599999995087,,,1,Surface,0,dem_1m_m
-1,185.749841171139707,348.422800000000279,,,1,Surface,0,dem_1m_m
-1,186.634378485627764,348.466100000005099,,,1,Surface,0,dem_1m_m
-1,187.518953614813540,348.493499999996857,,,1,Surface,0,dem_1m_m
-1,188.403490928490982,348.554900000002817,,,1,Surface,0,dem_1m_m
-1,189.363250716522941,348.580300000001444,,,1,Surface,0,dem_1m_m
-1,190.323010504793132,348.596099999995204,,,1,Surface,0,dem_1m_m
-1,191.282770292188133,348.699900000006892,,,1,Surface,0,dem_1m_m
-1,192.242530080220092,348.771099999998114,,,1,Surface,0,dem_1m_m
-1,193.202383839494928,348.803799999994226,,,1,Surface,0,dem_1m_m
-1,194.162143626889929,348.851599999994505,,,1,Surface,0,dem_1m_m
-1,195.121903414921888,348.879400000005262,,,1,Surface,0,dem_1m_m
-1,196.013138563617929,348.892900000006193,,,1,Surface,0,dem_1m_m
-1,196.904373711450830,348.933900000003632,,,1,Surface,0,dem_1m_m
-1,197.795516180729351,349.021900000007008,,,1,Surface,0,dem_1m_m
-1,198.686751329261767,349.078200000003562,,,1,Surface,0,dem_1m_m
-1,199.577986477957808,349.107999999992899,,,1,Surface,0,dem_1m_m
-1,200.469221626653848,349.121499999993830,,,1,Surface,0,dem_1m_m
-1,201.360456774486750,349.132299999997485,,,1,Surface,0,dem_1m_m
-1,202.299018419369418,349.173899999994319,,,1,Surface,0,dem_1m_m
-1,203.237488328281614,349.196299999995972,,,1,Surface,0,dem_1m_m
-1,204.176010170529565,349.196400000000722,,,1,Surface,0,dem_1m_m
-1,205.114571815412233,349.178599999999278,,,1,Surface,0,dem_1m_m
-1,206.053041724324430,349.158599999995204,,,1,Surface,0,dem_1m_m
-1,206.991603368465661,349.140299999999115,,,1,Surface,0,dem_1m_m
-1,207.930165012493973,349.117599999997765,,,1,Surface,0,dem_1m_m
-1,208.868726657376641,349.118900000001304,,,1,Surface,0,dem_1m_m
-1,209.775683160544190,349.130799999998999,,,1,Surface,0,dem_1m_m
-1,210.682730265103430,349.117899999997462,,,1,Surface,0,dem_1m_m
-1,211.589735050107208,349.079199999992852,,,1,Surface,0,dem_1m_m
-1,212.496782154666448,349.023799999995390,,,1,Surface,0,dem_1m_m
-1,213.403829259225688,348.996100000003935,,,1,Surface,0,dem_1m_m
-1,214.310785764025439,348.966599999999744,,,1,Surface,0,dem_1m_m
-1,215.217790549029218,348.965500000005704,,,1,Surface,0,dem_1m_m
-1,216.106558330507852,348.993400000006659,,,1,Surface,0,dem_1m_m
-1,216.995326112808243,349.064799999992829,,,1,Surface,0,dem_1m_m
-1,217.884093893451080,349.136700000002747,,,1,Surface,0,dem_1m_m
-1,218.772817563096595,349.200899999996182,,,1,Surface,0,dem_1m_m
-1,219.661585344575229,349.233600000006845,,,1,Surface,0,dem_1m_m
-1,220.550353126875621,349.238700000001700,,,1,Surface,0,dem_1m_m
-1,221.439120909176012,349.205700000005891,,,1,Surface,0,dem_1m_m
-1,222.327844577999940,349.204100000002654,,,1,Surface,0,dem_1m_m
-1,223.235349360024259,349.183799999998882,,,1,Surface,0,dem_1m_m
-1,224.142854141892172,349.245899999994435,,,1,Surface,0,dem_1m_m
-1,225.050358924844517,349.318199999994249,,,1,Surface,0,dem_1m_m
-1,225.957855315547619,349.354800000000978,,,1,Surface,0,dem_1m_m
-1,226.865360098499963,349.369600000005448,,,1,Surface,0,dem_1m_m
-1,227.772864880367877,349.401500000007218,,,1,Surface,0,dem_1m_m
-1,228.653777429835941,349.444699999992736,,,1,Surface,0,dem_1m_m
-1,229.534689979304005,349.466700000004494,,,1,Surface,0,dem_1m_m
-1,230.415701926523752,349.428199999994831,,,1,Surface,0,dem_1m_m
-1,231.296614475991817,349.357399999993504,,,1,Surface,0,dem_1m_m
-1,232.177516065185046,349.373000000006869,,,1,Surface,0,dem_1m_m
-1,233.058528011479069,349.493100000006962,,,1,Surface,0,dem_1m_m
-1,233.939440561151400,349.601699999999255,,,1,Surface,0,dem_1m_m
-1,234.833161166532932,349.633300000001327,,,1,Surface,0,dem_1m_m
-1,235.726881771106434,349.674700000003213,,,1,Surface,0,dem_1m_m
-1,236.620515616315259,349.721499999999651,,,1,Surface,0,dem_1m_m
-1,237.514236221814969,349.784499999994296,,,1,Surface,0,dem_1m_m
-1,238.407956827196500,349.823399999993853,,,1,Surface,0,dem_1m_m
-1,239.301677431770003,349.858900000006543,,,1,Surface,0,dem_1m_m
-1,240.195311277905091,349.879400000005262,,,1,Surface,0,dem_1m_m
-1,241.052452555433234,349.878700000001118,,,1,Surface,0,dem_1m_m
-1,241.909673938396338,349.898900000000140,,,1,Surface,0,dem_1m_m
-1,242.766815215924481,349.965700000000652,,,1,Surface,0,dem_1m_m
-1,243.624036600379725,350.027499999996508,,,1,Surface,0,dem_1m_m
-1,244.481177877907868,350.081900000004680,,,1,Surface,0,dem_1m_m
-1,245.338319155436011,350.144100000004983,,,1,Surface,0,dem_1m_m
-1,246.235282087426555,350.146999999997206,,,1,Surface,0,dem_1m_m
-1,247.132197271698146,350.179199999998673,,,1,Surface,0,dem_1m_m
-1,248.029112457606402,350.264899999994668,,,1,Surface,0,dem_1m_m
-1,248.926027643514658,350.306500000006054,,,1,Surface,0,dem_1m_m
-1,249.822990575060516,350.325899999996182,,,1,Surface,0,dem_1m_m
-1,250.719905759332107,350.346000000005006,,,1,Surface,0,dem_1m_m
-1,251.554088053848375,350.333599999998114,,,1,Surface,0,dem_1m_m
-1,252.388234306561770,350.324099999997998,,,1,Surface,0,dem_1m_m
-1,253.222416600406603,350.272100000001956,,,1,Surface,0,dem_1m_m
-1,254.056562852251233,350.135899999993853,,,1,Surface,0,dem_1m_m
-1,254.890745146096066,350.115799999999581,,,1,Surface,0,dem_1m_m
-1,255.724891399480697,350.075299999996787,,,1,Surface,0,dem_1m_m
-1,256.618498393461152,349.972099999999045,,,1,Surface,0,dem_1m_m
-1,257.512086492153458,349.927599999995437,,,1,Surface,0,dem_1m_m
-1,258.405693485781853,349.887000000002445,,,1,Surface,0,dem_1m_m
-1,259.299183385585650,349.871599999998580,,,1,Surface,0,dem_1m_m
-1,260.192790379214046,349.827499999999418,,,1,Surface,0,dem_1m_m
-1,261.086378478258212,349.761799999992945,,,1,Surface,0,dem_1m_m
-1,261.979985471886607,349.725500000000466,,,1,Surface,0,dem_1m_m
-1,262.873592466781588,349.740699999994831,,,1,Surface,0,dem_1m_m
-1,263.768961714318493,349.768400000000838,,,1,Surface,0,dem_1m_m
-1,264.664446259538806,349.745699999999488,,,1,Surface,0,dem_1m_m
-1,265.559832209808974,349.634900000004563,,,1,Surface,0,dem_1m_m
-1,266.455300053527992,349.580900000000838,,,1,Surface,0,dem_1m_m
-1,267.350686003486942,349.518599999995786,,,1,Surface,0,dem_1m_m
-1,268.246170549018416,349.532399999996414,,,1,Surface,0,dem_1m_m
-1,269.141539796555321,349.569799999997485,,,1,Surface,0,dem_1m_m
-1,270.037024341168546,349.573900000003050,,,1,Surface,0,dem_1m_m
-1,270.928638635716425,349.570200000001932,,,1,Surface,0,dem_1m_m
-1,271.820229001029929,349.593099999998230,,,1,Surface,0,dem_1m_m
-1,272.711940390191614,349.587100000004284,,,1,Surface,0,dem_1m_m
-1,273.603530755950715,349.509699999995064,,,1,Surface,0,dem_1m_m
-1,274.495242143762368,349.482600000003004,,,1,Surface,0,dem_1m_m
-1,275.386856438310247,349.508100000006380,,,1,Surface,0,dem_1m_m
-1,276.278446803623751,349.528099999995902,,,1,Surface,0,dem_1m_m
-1,277.223928612175598,349.517399999996996,,,1,Surface,0,dem_1m_m
-1,278.169369060027918,349.521900000007008,,,1,Surface,0,dem_1m_m
-1,279.114759825340343,349.505399999994552,,,1,Surface,0,dem_1m_m
-1,280.060200273192663,349.500599999999395,,,1,Surface,0,dem_1m_m
-1,281.005682081744510,349.512400000006892,,,1,Surface,0,dem_1m_m
-1,281.951031482374276,349.533299999995506,,,1,Surface,0,dem_1m_m
-1,282.896513290926123,349.554900000002817,,,1,Surface,0,dem_1m_m
-1,283.841953738008158,349.601800000004005,,,1,Surface,0,dem_1m_m
-1,284.801992164540081,349.657399999996414,,,1,Surface,0,dem_1m_m
-1,285.761977961616992,349.783599999995204,,,1,Surface,0,dem_1m_m
-1,286.722016388148916,349.889899999994668,,,1,Surface,0,dem_1m_m
-1,287.682002185225826,349.959099999992759,,,1,Surface,0,dem_1m_m
-1,288.642040610777372,350.026800000006915,,,1,Surface,0,dem_1m_m
-1,289.602026407854282,350.105200000005425,,,1,Surface,0,dem_1m_m
-1,290.562064834386206,350.217999999993481,,,1,Surface,0,dem_1m_m
-1,291.522050631463117,350.312099999995553,,,1,Surface,0,dem_1m_m
-1,292.482089057995040,350.423599999994622,,,1,Surface,0,dem_1m_m
-1,293.442074854091743,350.496799999993527,,,1,Surface,0,dem_1m_m
-1,294.345790572986971,350.548599999994622,,,1,Surface,0,dem_1m_m
-1,295.249439027670917,350.610300000000279,,,1,Surface,0,dem_1m_m
-1,296.153087482981277,350.661500000001979,,,1,Surface,0,dem_1m_m
-1,297.056803201876505,350.700200000006589,,,1,Surface,0,dem_1m_m
-1,297.960451656560451,350.656099999992875,,,1,Surface,0,dem_1m_m
-1,298.864100110492416,350.578599999993457,,,1,Surface,0,dem_1m_m
-1,299.767815829387644,350.528999999994994,,,1,Surface,0,dem_1m_m
-1,300.671464284071590,350.519899999999325,,,1,Surface,0,dem_1m_m
-1,301.575180002966817,350.468800000002375,,,1,Surface,0,dem_1m_m
-1,302.478902460670270,350.423800000004121,,,1,Surface,0,dem_1m_m
-1,303.407637653985319,350.493199999997159,,,1,Surface,0,dem_1m_m
-1,304.336417913217474,350.541899999996531,,,1,Surface,0,dem_1m_m
-1,305.265153106532523,350.584499999997206,,,1,Surface,0,dem_1m_m
-1,306.193977574399923,350.647599999996601,,,1,Surface,0,dem_1m_m
-1,307.122712768134647,350.686000000001513,,,1,Surface,0,dem_1m_m
-1,308.051493026947071,350.664699999993900,,,1,Surface,0,dem_1m_m
-1,308.980228220681795,350.668499999999767,,,1,Surface,0,dem_1m_m
-1,309.909052686886355,350.753899999996065,,,1,Surface,0,dem_1m_m
-1,310.837787880201404,350.725300000005518,,,1,Surface,0,dem_1m_m
-1,311.792308163044254,350.706200000000536,,,1,Surface,0,dem_1m_m
-1,312.746922985615299,350.789399999994203,,,1,Surface,0,dem_1m_m
-1,313.701443268458149,350.768599999995786,,,1,Surface,0,dem_1m_m
-1,314.655963550997512,350.701100000005681,,,1,Surface,0,dem_1m_m
-1,315.610578375329510,350.682499999995343,,,1,Surface,0,dem_1m_m
-1,316.565066070621583,350.722699999998440,,,1,Surface,0,dem_1m_m
-1,317.519586353160946,350.660499999998137,,,1,Surface,0,dem_1m_m
-1,318.474201176035479,350.552800000004936,,,1,Surface,0,dem_1m_m
-1,319.428721458574842,350.506299999993644,,,1,Surface,0,dem_1m_m
-1,320.378893532445602,350.577799999999115,,,1,Surface,0,dem_1m_m
-1,321.329045572925736,350.697499999994761,,,1,Surface,0,dem_1m_m
-1,322.279119673807998,350.815799999996671,,,1,Surface,0,dem_1m_m
-1,323.229271714288132,350.873200000001816,,,1,Surface,0,dem_1m_m
-1,324.179443788158892,350.880399999994552,,,1,Surface,0,dem_1m_m
-1,325.129615862029652,350.910300000003190,,,1,Surface,0,dem_1m_m
-1,326.079669929280158,350.991299999994226,,,1,Surface,0,dem_1m_m
-1,327.029842003150918,350.995299999995041,,,1,Surface,0,dem_1m_m
-1,327.979994043631052,351.063099999999395,,,1,Surface,0,dem_1m_m
-1,328.930166117501813,351.230299999995623,,,1,Surface,0,dem_1m_m
-1,329.788604123540836,351.343399999997928,,,1,Surface,0,dem_1m_m
-1,330.647042129579859,351.416299999997136,,,1,Surface,0,dem_1m_m
-1,331.505381410109521,351.530599999998230,,,1,Surface,0,dem_1m_m
-1,332.363803509230138,351.627399999997579,,,1,Surface,0,dem_1m_m
-1,333.222241515269161,351.683499999999185,,,1,Surface,0,dem_1m_m
-1,334.080679521456375,351.730100000000675,,,1,Surface,0,dem_1m_m
-1,334.939117527495398,351.810899999996764,,,1,Surface,0,dem_1m_m
-1,335.796517736447754,351.869500000000698,,,1,Surface,0,dem_1m_m
-1,336.653917947153957,351.933699999994133,,,1,Surface,0,dem_1m_m
-1,337.511318156007917,352.012000000002445,,,1,Surface,0,dem_1m_m
-1,338.368718366714120,352.105100000000675,,,1,Surface,0,dem_1m_m
-1,339.226118575666476,352.219400000001770,,,1,Surface,0,dem_1m_m
-1,340.083518786372679,352.366099999999278,,,1,Surface,0,dem_1m_m
-1,340.922984788888414,352.475000000005821,,,1,Surface,0,dem_1m_m
-1,341.762542505259432,352.607099999993807,,,1,Surface,0,dem_1m_m
-1,342.602008509854670,352.734599999996135,,,1,Surface,0,dem_1m_m
-1,343.441606085485034,352.855400000000373,,,1,Surface,0,dem_1m_m
-1,344.281072088372014,353.035699999993085,,,1,Surface,0,dem_1m_m
-1,345.120629804743032,353.184500000003027,,,1,Surface,0,dem_1m_m
-1,346.099140228781835,353.359800000005635,,,1,Surface,0,dem_1m_m
-1,347.077701238522366,353.566699999995762,,,1,Surface,0,dem_1m_m
-1,348.056211662561168,353.753500000006170,,,1,Surface,0,dem_1m_m
-1,349.034813410153902,353.930300000007264,,,1,Surface,0,dem_1m_m
-1,350.013323834192704,354.123600000006263,,,1,Surface,0,dem_1m_m
-1,350.991884843933235,354.341899999999441,,,1,Surface,0,dem_1m_m
-1,351.970395267972037,354.534599999999045,,,1,Surface,0,dem_1m_m
-1,352.948997015185341,354.728700000006938,,,1,Surface,0,dem_1m_m
-1,353.927507439603630,354.969700000001467,,,1,Surface,0,dem_1m_m
-1,354.906068449344161,355.149399999994785,,,1,Surface,0,dem_1m_m
-1,355.872008209590206,355.349700000006123,,,1,Surface,0,dem_1m_m
-1,356.837915353739220,355.606700000003912,,,1,Surface,0,dem_1m_m
-1,357.803822496127395,355.835800000000745,,,1,Surface,0,dem_1m_m
-1,358.769824173259053,356.056500000006054,,,1,Surface,0,dem_1m_m
-1,359.735763933808926,356.300300000002608,,,1,Surface,0,dem_1m_m
-1,360.701671077654225,356.485899999999674,,,1,Surface,0,dem_1m_m
-1,361.667578221803240,356.735400000005029,,,1,Surface,0,dem_1m_m
-1,362.599322032599332,357.030400000003283,,,1,Surface,0,dem_1m_m
-1,363.530974263822827,357.293499999999767,,,1,Surface,0,dem_1m_m
-1,364.462718074992949,357.505399999994552,,,1,Surface,0,dem_1m_m
-1,365.394330145209892,357.726699999999255,,,1,Surface,0,dem_1m_m
-1,366.326073956005985,357.994900000005146,,,1,Surface,0,dem_1m_m
-1,367.257726188935294,358.356599999999162,,,1,Surface,0,dem_1m_m
-1,368.189470000105416,358.629300000000512,,,1,Surface,0,dem_1m_m
-1,369.182974931548472,358.836200000005192,,,1,Surface,0,dem_1m_m
-1,370.176571720236666,359.048999999999069,,,1,Surface,0,dem_1m_m
-1,371.170168510635847,359.268100000001141,,,1,Surface,0,dem_1m_m
-1,372.163765299692102,359.558399999994435,,,1,Surface,0,dem_1m_m
-1,373.157270231135158,359.862200000003213,,,1,Surface,0,dem_1m_m
-1,374.150867021534339,360.126600000003236,,,1,Surface,0,dem_1m_m
-1,375.083078033358220,360.382400000002235,,,1,Surface,0,dem_1m_m
-1,376.015383830972667,360.628800000005867,,,1,Surface,0,dem_1m_m
-1,376.947562975437393,360.848199999993085,,,1,Surface,0,dem_1m_m
-1,377.879868773051840,361.118199999997159,,,1,Surface,0,dem_1m_m
-1,378.812079784875721,361.406700000006822,,,1,Surface,0,dem_1m_m
-1,379.744385582490168,361.723400000002584,,,1,Surface,0,dem_1m_m
-1,380.676564728423728,362.057199999995646,,,1,Surface,0,dem_1m_m
-1,381.608775740247609,362.354300000006333,,,1,Surface,0,dem_1m_m
-1,382.582010578083953,362.608399999997346,,,1,Surface,0,dem_1m_m
-1,383.555148615283031,362.802299999995739,,,1,Surface,0,dem_1m_m
-1,384.528358366162308,362.925099999993108,,,1,Surface,0,dem_1m_m
-1,385.501496403595070,363.038199999995413,,,1,Surface,0,dem_1m_m
-1,386.474634442597164,363.143400000000838,,,1,Surface,0,dem_1m_m
-1,387.447869280199825,363.251999999993131,,,1,Surface,0,dem_1m_m
-1,388.305880387536604,363.325700000001234,,,1,Surface,0,dem_1m_m
-1,389.163989500661273,363.443299999998999,,,1,Surface,0,dem_1m_m
-1,390.022118488801993,363.534599999999045,,,1,Surface,0,dem_1m_m
-1,390.880129596138772,363.615699999994831,,,1,Surface,0,dem_1m_m
-1,391.738238709263442,363.727199999993900,,,1,Surface,0,dem_1m_m
-1,392.596367697219023,363.895399999993970,,,1,Surface,0,dem_1m_m
-1,393.454378802730332,364.087599999998929,,,1,Surface,0,dem_1m_m
-1,394.331945405061219,364.234700000000885,,,1,Surface,0,dem_1m_m
-1,395.209512007314345,364.430699999997159,,,1,Surface,0,dem_1m_m
-1,396.086978957441886,364.569000000003143,,,1,Surface,0,dem_1m_m
-1,396.964545559772773,364.714699999996810,,,1,Surface,0,dem_1m_m
-1,397.842112160169734,364.876499999998487,,,1,Surface,0,dem_1m_m
-1,398.719579112153383,365.020900000003166,,,1,Surface,0,dem_1m_m
-1,399.597145712628162,365.144100000004983,,,1,Surface,0,dem_1m_m
-1,400.574067428789192,365.279699999999139,,,1,Surface,0,dem_1m_m
-1,401.550912273647270,365.418099999995320,,,1,Surface,0,dem_1m_m
-1,402.527757118505349,365.544200000003912,,,1,Surface,0,dem_1m_m
-1,403.504678834666379,365.642800000001444,,,1,Surface,0,dem_1m_m
-1,404.481523678092628,365.614300000001094,,,1,Surface,0,dem_1m_m
-1,405.458445394849264,365.556299999996554,,,1,Surface,0,dem_1m_m
-1,406.435290239111680,365.426399999996647,,,1,Surface,0,dem_1m_m
-1,407.385553118778887,365.311900000000605,,,1,Surface,0,dem_1m_m
-1,408.335797303467075,365.193400000003749,,,1,Surface,0,dem_1m_m
-1,409.286139725164446,365.026700000002165,,,1,Surface,0,dem_1m_m
-1,410.236383909852634,364.887400000006892,,,1,Surface,0,dem_1m_m
-1,411.186646789519841,364.795299999997951,,,1,Surface,0,dem_1m_m
-1,412.136890974208029,364.648700000005192,,,1,Surface,0,dem_1m_m
-1,413.087233395905400,364.474300000001676,,,1,Surface,0,dem_1m_m
-1,414.037477580593588,364.325400000001537,,,1,Surface,0,dem_1m_m
-1,414.988427778660082,364.098599999997532,,,1,Surface,0,dem_1m_m
-1,415.939476637136750,363.940600000001723,,,1,Surface,0,dem_1m_m
-1,416.890426835507242,363.773499999995693,,,1,Surface,0,dem_1m_m
-1,417.841377033573735,363.588399999993271,,,1,Surface,0,dem_1m_m
-1,418.792425892050403,363.453599999993457,,,1,Surface,0,dem_1m_m
-1,419.743376090116897,363.199800000002142,,,1,Surface,0,dem_1m_m
-1,420.694441272508300,362.901700000002165,,,1,Surface,0,dem_1m_m
-1,421.645391470574793,362.769400000004680,,,1,Surface,0,dem_1m_m
-1,422.596341668945286,362.595199999996112,,,1,Surface,0,dem_1m_m
-1,423.547390527117955,362.361099999994622,,,1,Surface,0,dem_1m_m
-1,424.474330708339096,362.168200000000070,,,1,Surface,0,dem_1m_m
-1,425.401359273497519,361.982799999997951,,,1,Surface,0,dem_1m_m
-1,426.328398845936988,361.771399999997811,,,1,Surface,0,dem_1m_m
-1,427.255328018491525,361.634900000004563,,,1,Surface,0,dem_1m_m
-1,428.182367590930994,361.494699999995646,,,1,Surface,0,dem_1m_m
-1,429.109296763485531,361.313099999999395,,,1,Surface,0,dem_1m_m
-1,430.036336336850695,361.084900000001653,,,1,Surface,0,dem_1m_m
-1,431.011957579692307,360.948499999998603,,,1,Surface,0,dem_1m_m
-1,431.987578822882313,360.805300000007264,,,1,Surface,0,dem_1m_m
-1,432.963181364671698,360.657300000006217,,,1,Surface,0,dem_1m_m
-1,433.938704373364601,360.522299999996903,,,1,Surface,0,dem_1m_m
-1,434.914325616206213,360.339000000007218,,,1,Surface,0,dem_1m_m
-1,435.889946859396218,360.183900000003632,,,1,Surface,0,dem_1m_m
-1,436.820121709019929,360.052800000004936,,,1,Surface,0,dem_1m_m
-1,437.750397823310720,359.881200000003446,,,1,Surface,0,dem_1m_m
-1,438.680572672934431,359.741699999998673,,,1,Surface,0,dem_1m_m
-1,439.610847513411159,359.672699999995530,,,1,Surface,0,dem_1m_m
-1,440.541023636962109,359.608900000006543,,,1,Surface,0,dem_1m_m
-1,441.471198485654611,359.527600000001257,,,1,Surface,0,dem_1m_m
-1,442.401473327062547,359.475600000005215,,,1,Surface,0,dem_1m_m
-1,443.263707778531739,359.411399999997229,,,1,Surface,0,dem_1m_m
-1,444.125942231149111,359.385099999999511,,,1,Surface,0,dem_1m_m
-1,444.988176682618302,359.380000000004657,,,1,Surface,0,dem_1m_m
-1,445.850411135235674,359.267800000001444,,,1,Surface,0,dem_1m_m
-1,446.712633588745007,359.191099999996368,,,1,Surface,0,dem_1m_m
-1,447.574768763523991,359.159799999993993,,,1,Surface,0,dem_1m_m
-1,448.437003215216748,359.131099999998696,,,1,Surface,0,dem_1m_m
-1,449.303562648130082,359.106700000003912,,,1,Surface,0,dem_1m_m
-1,450.170122080127499,359.086999999999534,,,1,Surface,0,dem_1m_m
-1,451.036699648094213,359.076100000005681,,,1,Surface,0,dem_1m_m
-1,451.903259080091630,359.019499999994878,,,1,Surface,0,dem_1m_m
-1,452.769818512089046,358.972399999998743,,,1,Surface,0,dem_1m_m
-1,453.636377945002380,358.925399999992806,,,1,Surface,0,dem_1m_m
-1,454.579864351838978,358.878200000006473,,,1,Surface,0,dem_1m_m
-1,455.523258039805739,358.870800000004238,,,1,Surface,0,dem_1m_m
-1,456.466744446808207,358.805300000007264,,,1,Surface,0,dem_1m_m
-1,457.410193400747460,358.763500000000931,,,1,Surface,0,dem_1m_m
-1,458.353587089411974,358.732600000003004,,,1,Surface,0,dem_1m_m
-1,459.297073495550933,358.687999999994645,,,1,Surface,0,dem_1m_m
-1,460.240467183517694,358.637400000006892,,,1,Surface,0,dem_1m_m
-1,461.183953590354292,358.564299999998184,,,1,Surface,0,dem_1m_m
-1,462.100042608670719,358.496400000003632,,,1,Surface,0,dem_1m_m
-1,463.016131627583889,358.461800000004587,,,1,Surface,0,dem_1m_m
-1,463.932220646497058,358.481499999994412,,,1,Surface,0,dem_1m_m
-1,464.848277631394751,358.404500000004191,,,1,Surface,0,dem_1m_m
-1,465.764366650307920,358.333299999998417,,,1,Surface,0,dem_1m_m
-1,466.680550398405671,358.270600000003469,,,1,Surface,0,dem_1m_m
-1,467.596639416722098,358.231700000003912,,,1,Surface,0,dem_1m_m
-1,468.512728434753058,358.199399999997695,,,1,Surface,0,dem_1m_m
-1,469.428817453666227,358.149600000004284,,,1,Surface,0,dem_1m_m
-1,470.344906471982654,358.120599999994738,,,1,Surface,0,dem_1m_m
-1,471.260995490895823,358.102299999998650,,,1,Surface,0,dem_1m_m
-1,472.175800175040763,358.052899999995134,,,1,Surface,0,dem_1m_m
-1,473.090642511192982,358.014400000000023,,,1,Surface,0,dem_1m_m
-1,474.005447195337922,357.961500000004889,,,1,Surface,0,dem_1m_m
-1,474.920382171722508,357.908500000005006,,,1,Surface,0,dem_1m_m
-1,475.835224507011958,357.843099999998230,,,1,Surface,0,dem_1m_m
-1,476.750029191156898,357.846300000004703,,,1,Surface,0,dem_1m_m
-1,477.664871527309117,357.821500000005472,,,1,Surface,0,dem_1m_m
-1,478.579676211454057,357.829299999997602,,,1,Surface,0,dem_1m_m
-1,479.494518547606276,357.784299999999348,,,1,Surface,0,dem_1m_m
-1,480.409453523289528,357.748999999996158,,,1,Surface,0,dem_1m_m
-1,481.322114084370980,357.722200000003795,,,1,Surface,0,dem_1m_m
-1,482.234824362101222,357.645799999998417,,,1,Surface,0,dem_1m_m
-1,483.147484923182674,357.665800000002491,,,1,Surface,0,dem_1m_m
-1,484.060195200912915,357.672500000000582,,,1,Surface,0,dem_1m_m
-1,484.972855761994367,357.672699999995530,,,1,Surface,0,dem_1m_m
-1,485.885566037990486,357.694799999997485,,,1,Surface,0,dem_1m_m
-1,486.798226599880024,357.723400000002584,,,1,Surface,0,dem_1m_m
-1,487.711023641576730,357.756299999993644,,,1,Surface,0,dem_1m_m
-1,488.623733919306972,357.784100000004400,,,1,Surface,0,dem_1m_m
-1,489.536394480388424,357.785300000003190,,,1,Surface,0,dem_1m_m
-1,490.522106699626477,357.879499999995460,,,1,Surface,0,dem_1m_m
-1,491.507819396988907,357.989499999996042,,,1,Surface,0,dem_1m_m
-1,492.493531615566269,358.067399999999907,,,1,Surface,0,dem_1m_m
-1,493.479244312928699,358.149499999999534,,,1,Surface,0,dem_1m_m
-1,494.464886057219644,358.253800000005867,,,1,Surface,0,dem_1m_m
-1,495.450669223796183,358.357300000003306,,,1,Surface,0,dem_1m_m
-1,496.436310968747875,358.479800000000978,,,1,Surface,0,dem_1m_m
-1,497.422094134663666,358.597599999993690,,,1,Surface,0,dem_1m_m
-1,498.407735879615359,358.704800000006799,,,1,Surface,0,dem_1m_m
-1,499.339260249225049,358.858800000001793,,,1,Surface,0,dem_1m_m
-1,500.270717987826174,358.990099999995437,,,1,Surface,0,dem_1m_m
-1,501.202175727816325,359.092799999998533,,,1,Surface,0,dem_1m_m
-1,502.133700096037103,359.208100000003469,,,1,Surface,0,dem_1m_m
-1,503.065157836027254,359.354000000006636,,,1,Surface,0,dem_1m_m
-1,503.996615574628379,359.486300000004121,,,1,Surface,0,dem_1m_m
-1,504.928139944238069,359.612099999998463,,,1,Surface,0,dem_1m_m
-1,505.859597682839194,359.685500000006869,,,1,Surface,0,dem_1m_m
-1,506.852402215788231,359.845199999996112,,,1,Surface,0,dem_1m_m
-1,507.845270489406687,359.978700000006938,,,1,Surface,0,dem_1m_m
-1,508.838215815277806,360.092000000004191,,,1,Surface,0,dem_1m_m
-1,509.831020348226843,360.202399999994668,,,1,Surface,0,dem_1m_m
-1,510.823888623280482,360.345199999996112,,,1,Surface,0,dem_1m_m
-1,511.816693154794280,360.476699999999255,,,1,Surface,0,dem_1m_m
-1,512.809561429254245,360.584799999996903,,,1,Surface,0,dem_1m_m
-1,513.712719737217981,360.699999999997090,,,1,Surface,0,dem_1m_m
-1,514.615878046704324,360.832299999994575,,,1,Surface,0,dem_1m_m
-1,515.518978760589789,360.913899999999558,,,1,Surface,0,dem_1m_m
-1,516.422137068553525,361.052599999995437,,,1,Surface,0,dem_1m_m
-1,517.325295377503494,361.160799999997835,,,1,Surface,0,dem_1m_m
-1,518.228453685467230,361.242199999993318,,,1,Surface,0,dem_1m_m
-1,519.131611993430965,361.356899999998859,,,1,Surface,0,dem_1m_m
-1,520.034770302917309,361.452600000004168,,,1,Surface,0,dem_1m_m
-1,520.948776703528779,361.527700000006007,,,1,Surface,0,dem_1m_m
-1,521.862924524570190,361.682400000005146,,,1,Surface,0,dem_1m_m
-1,522.777072346270529,361.820099999997183,,,1,Surface,0,dem_1m_m
-1,523.691149416401458,361.923699999999371,,,1,Surface,0,dem_1m_m
-1,524.605297237442869,361.976999999998952,,,1,Surface,0,dem_1m_m
-1,525.519374307573798,362.040200000003097,,,1,Surface,0,dem_1m_m
-1,526.433522130590404,362.061100000006263,,,1,Surface,0,dem_1m_m
-1,527.347669952290744,362.051900000005844,,,1,Surface,0,dem_1m_m
-1,528.330729918780548,361.989100000006147,,,1,Surface,0,dem_1m_m
-1,529.313882058846048,361.877500000002328,,,1,Surface,0,dem_1m_m
-1,530.296942026916781,361.774600000004284,,,1,Surface,0,dem_1m_m
-1,531.280055387951393,361.717000000004191,,,1,Surface,0,dem_1m_m
-1,532.263115355299647,361.636599999997998,,,1,Surface,0,dem_1m_m
-1,533.246267494506696,361.643899999995483,,,1,Surface,0,dem_1m_m
-1,534.193992613246337,361.568400000003749,,,1,Surface,0,dem_1m_m
-1,535.141717009216904,361.480599999995320,,,1,Surface,0,dem_1m_m
-1,536.089441404242848,361.377200000002631,,,1,Surface,0,dem_1m_m
-1,537.037166522982488,361.284599999999045,,,1,Surface,0,dem_1m_m
-1,537.984890918008432,361.233300000007148,,,1,Surface,0,dem_1m_m
-1,538.932616036761601,361.186900000000605,,,1,Surface,0,dem_1m_m
-1,539.823896554056546,361.035399999993388,,,1,Surface,0,dem_1m_m
-1,540.715155354772833,360.876399999993737,,,1,Surface,0,dem_1m_m
-1,541.606435872067777,360.786200000002282,,,1,Surface,0,dem_1m_m
-1,542.497694672784064,360.705300000001444,,,1,Surface,0,dem_1m_m
-1,543.389072802543751,360.541299999997136,,,1,Surface,0,dem_1m_m
-1,544.280331603664422,360.424400000003516,,,1,Surface,0,dem_1m_m
-1,545.187194084760677,360.267399999996996,,,1,Surface,0,dem_1m_m
-1,546.094056565856931,360.127900000006775,,,1,Surface,0,dem_1m_m
-1,547.000919047350408,359.999400000000605,,,1,Surface,0,dem_1m_m
-1,547.907760207469323,359.864499999996042,,,1,Surface,0,dem_1m_m
-1,548.814622688565578,359.763800000000629,,,1,Surface,0,dem_1m_m
-1,549.721485170059054,359.592799999998533,,,1,Surface,0,dem_1m_m
-1,550.677113156788550,359.505199999999604,,,1,Surface,0,dem_1m_m
-1,551.632618913090937,359.368799999996554,,,1,Surface,0,dem_1m_m
-1,552.588246900296326,359.213300000003073,,,1,Surface,0,dem_1m_m
-1,553.543874887926222,359.084700000006706,,,1,Surface,0,dem_1m_m
-1,554.499477326188639,358.975099999996019,,,1,Surface,0,dem_1m_m
-1,555.455105313394029,358.825299999996787,,,1,Surface,0,dem_1m_m
-1,556.437510855523556,358.664199999999255,,,1,Surface,0,dem_1m_m
-1,557.419839462076879,358.511899999997695,,,1,Surface,0,dem_1m_m
-1,558.402245003817939,358.361300000004121,,,1,Surface,0,dem_1m_m
-1,559.384573610371262,358.244600000005448,,,1,Surface,0,dem_1m_m
-1,560.366979152500789,358.145199999999022,,,1,Surface,0,dem_1m_m
-1,561.349307758143368,358.009900000004563,,,1,Surface,0,dem_1m_m
-1,562.214002502509516,357.867400000002817,,,1,Surface,0,dem_1m_m
-1,563.078716217734041,357.711699999999837,,,1,Surface,0,dem_1m_m
-1,563.943312777183451,357.637199999997392,,,1,Surface,0,dem_1m_m
-1,564.808026492407976,357.491699999998673,,,1,Surface,0,dem_1m_m
-1,565.672740208193431,357.361799999998766,,,1,Surface,0,dem_1m_m
-1,566.537336767081797,357.308300000004238,,,1,Surface,0,dem_1m_m
-1,567.402050483220705,357.252399999997579,,,1,Surface,0,dem_1m_m
-1,568.348293058081026,357.146900000007008,,,1,Surface,0,dem_1m_m
-1,569.294555442631236,356.978799999997136,,,1,Surface,0,dem_1m_m
-1,570.240817826268540,356.837799999993877,,,1,Surface,0,dem_1m_m
-1,571.187060400759947,356.770499999998719,,,1,Surface,0,dem_1m_m
-1,572.133322785310156,356.642600000006496,,,1,Surface,0,dem_1m_m
-1,573.079683187112551,356.434500000003027,,,1,Surface,0,dem_1m_m
-1,573.965016078958229,356.314799999992829,,,1,Surface,0,dem_1m_m
-1,574.850348971723975,356.205199999996694,,,1,Surface,0,dem_1m_m
-1,575.735681863569653,356.072700000004261,,,1,Surface,0,dem_1m_m
-1,576.621030213636800,355.929499999998370,,,1,Surface,0,dem_1m_m
-1,577.506363105194623,355.832699999999022,,,1,Surface,0,dem_1m_m
-1,578.391695997040301,355.730899999995017,,,1,Surface,0,dem_1m_m
-1,579.302269382825443,355.585699999995995,,,1,Surface,0,dem_1m_m
-1,580.212842767691768,355.490399999995134,,,1,Surface,0,dem_1m_m
-1,581.123416153476910,355.407699999996112,,,1,Surface,0,dem_1m_m
-1,582.033989538343235,355.318899999998393,,,1,Surface,0,dem_1m_m
-1,582.944546565879705,355.230200000005425,,,1,Surface,0,dem_1m_m
-1,583.855021298935071,355.155899999997928,,,1,Surface,0,dem_1m_m
-1,584.752035457783336,355.078099999998813,,,1,Surface,0,dem_1m_m
-1,585.649028305522165,354.970600000000559,,,1,Surface,0,dem_1m_m
-1,586.546021154170944,354.835300000006100,,,1,Surface,0,dem_1m_m
-1,587.442937610614763,354.744999999995343,,,1,Surface,0,dem_1m_m
-1,588.339930459263542,354.703800000002957,,,1,Surface,0,dem_1m_m
-1,589.236923307002371,354.627399999997579,,,1,Surface,0,dem_1m_m
-1,590.205728964129889,354.559399999998277,,,1,Surface,0,dem_1m_m
-1,591.174545174684908,354.497099999993225,,,1,Surface,0,dem_1m_m
-1,592.143350830886334,354.436400000005960,,,1,Surface,0,dem_1m_m
-1,593.112156487087759,354.353199999997742,,,1,Surface,0,dem_1m_m
-1,594.081061586132591,354.289600000003702,,,1,Surface,0,dem_1m_m
-1,595.049877796687610,354.237800000002608,,,1,Surface,0,dem_1m_m
-1,596.018683452889036,354.178299999999581,,,1,Surface,0,dem_1m_m
-1,596.917522215430495,354.167000000001281,,,1,Surface,0,dem_1m_m
-1,597.816460727828485,354.157600000005914,,,1,Surface,0,dem_1m_m
-1,598.715299490369944,354.148900000000140,,,1,Surface,0,dem_1m_m
-1,599.614230955420453,354.163799999994808,,,1,Surface,0,dem_1m_m
-1,600.513069717961912,354.206000000005588,,,1,Surface,0,dem_1m_m
-1,601.412008230359902,354.246400000003632,,,1,Surface,0,dem_1m_m
-1,602.310846992901361,354.253200000006473,,,1,Surface,0,dem_1m_m
-1,603.256540822340526,354.256099999998696,,,1,Surface,0,dem_1m_m
-1,604.202244502549433,354.236000000004424,,,1,Surface,0,dem_1m_m
-1,605.147938331988598,354.217300000003888,,,1,Surface,0,dem_1m_m
-1,606.093642012197506,354.214800000001560,,,1,Surface,0,dem_1m_m
-1,607.039345691479639,354.216300000000047,,,1,Surface,0,dem_1m_m
-1,607.985039521845579,354.221000000005006,,,1,Surface,0,dem_1m_m
-1,608.930743202054487,354.193599999998696,,,1,Surface,0,dem_1m_m
-1,609.890751894538312,354.119900000005146,,,1,Surface,0,dem_1m_m
-1,610.850860429610407,354.102299999998650,,,1,Surface,0,dem_1m_m
-1,611.810869122919712,354.058499999999185,,,1,Surface,0,dem_1m_m
-1,612.770872216384760,354.012199999997392,,,1,Surface,0,dem_1m_m
-1,613.730880908764220,353.968099999998230,,,1,Surface,0,dem_1m_m
-1,614.690889602073526,353.881099999998696,,,1,Surface,0,dem_1m_m
-1,615.650898294452986,353.813399999999092,,,1,Surface,0,dem_1m_m
-1,616.611006829525081,353.719400000001770,,,1,Surface,0,dem_1m_m
-1,617.519898270401654,353.686900000000605,,,1,Surface,0,dem_1m_m
-1,618.428889370238608,353.671300000001793,,,1,Surface,0,dem_1m_m
-1,619.337880469922084,353.654599999994389,,,1,Surface,0,dem_1m_m
-1,620.246863336106344,353.631500000003143,,,1,Surface,0,dem_1m_m
-1,621.155854435943297,353.578699999998207,,,1,Surface,0,dem_1m_m
-1,622.064845535626773,353.529500000004191,,,1,Surface,0,dem_1m_m
-1,622.973836636238389,353.515199999994365,,,1,Surface,0,dem_1m_m
-1,623.882819501494509,353.434699999997974,,,1,Surface,0,dem_1m_m
-1,624.810331081448908,353.290399999998044,,,1,Surface,0,dem_1m_m
-1,625.737940589777281,353.236199999999371,,,1,Surface,0,dem_1m_m
-1,626.665452169354467,353.244300000005751,,,1,Surface,0,dem_1m_m
-1,627.592963748019656,353.246899999998277,,,1,Surface,0,dem_1m_m
-1,628.520573256725129,353.166899999996531,,,1,Surface,0,dem_1m_m
-1,629.448084836302314,353.097099999999045,,,1,Surface,0,dem_1m_m
-1,630.375694344630688,353.040299999993294,,,1,Surface,0,dem_1m_m
-1,631.303205924585086,353.009500000000116,,,1,Surface,0,dem_1m_m
-1,632.230697260728903,353.006899999993038,,,1,Surface,0,dem_1m_m
-1,633.187923258027581,352.961299999995390,,,1,Surface,0,dem_1m_m
-1,634.145149256226773,352.901100000002771,,,1,Surface,0,dem_1m_m
-1,635.102278567022722,352.880699999994249,,,1,Surface,0,dem_1m_m
-1,636.059504565221914,352.834000000002561,,,1,Surface,0,dem_1m_m
-1,637.016730562520593,352.774699999994482,,,1,Surface,0,dem_1m_m
-1,637.973859874692607,352.714300000006915,,,1,Surface,0,dem_1m_m
-1,638.931085871991286,352.658699999999953,,,1,Surface,0,dem_1m_m
-1,639.888311869289964,352.653500000000349,,,1,Surface,0,dem_1m_m
-1,640.845441181461979,352.614700000005541,,,1,Surface,0,dem_1m_m
-1,641.762794820659224,352.568299999998999,,,1,Surface,0,dem_1m_m
-1,642.680050428248592,352.534899999998743,,,1,Surface,0,dem_1m_m
-1,643.597404068358856,352.480299999995623,,,1,Surface,0,dem_1m_m
-1,644.514659675948224,352.407300000006217,,,1,Surface,0,dem_1m_m
-1,645.432033062286564,352.391300000002957,,,1,Surface,0,dem_1m_m
-1,646.349288669875932,352.400999999998021,,,1,Surface,0,dem_1m_m
-1,647.266642309073177,352.379700000004959,,,1,Surface,0,dem_1m_m
-1,648.183897917575450,352.362099999998463,,,1,Surface,0,dem_1m_m
-1,649.101251556772695,352.292199999996228,,,1,Surface,0,dem_1m_m
-1,650.018526913613528,352.266000000003260,,,1,Surface,0,dem_1m_m
-1,650.945056788664147,352.265299999999115,,,1,Surface,0,dem_1m_m
-1,651.871686564208630,352.201900000000023,,,1,Surface,0,dem_1m_m
-1,652.798216439342696,352.132100000002538,,,1,Surface,0,dem_1m_m
-1,653.724850698860223,352.112999999997555,,,1,Surface,0,dem_1m_m
-1,654.651380573994288,352.096300000004703,,,1,Surface,0,dem_1m_m
-1,655.577910449128353,352.056400000001304,,,1,Surface,0,dem_1m_m
-1,656.504540224672837,352.022299999996903,,,1,Surface,0,dem_1m_m
-1,657.431070099723456,351.953099999998813,,,1,Surface,0,dem_1m_m
-1,658.357704358310571,351.923500000004424,,,1,Surface,0,dem_1m_m
-1,659.301289034290107,351.889500000004773,,,1,Surface,0,dem_1m_m
-1,660.244909746752569,351.841799999994691,,,1,Surface,0,dem_1m_m
-1,661.188494422732106,351.762300000002142,,,1,Surface,0,dem_1m_m
-1,662.132079097842848,351.681599999996251,,,1,Surface,0,dem_1m_m
-1,663.075570492102656,351.589699999996810,,,1,Surface,0,dem_1m_m
-1,664.019155167213398,351.508799999995972,,,1,Surface,0,dem_1m_m
-1,664.962739843192935,351.500799999994342,,,1,Surface,0,dem_1m_m
-1,665.840766637657566,351.441900000005262,,,1,Surface,0,dem_1m_m
-1,666.718660622844368,351.319399999993038,,,1,Surface,0,dem_1m_m
-1,667.596645314599641,350.922600000005332,,,1,Surface,0,dem_1m_m
-1,668.474672107766878,350.404800000003888,,,1,Surface,0,dem_1m_m
-1,669.352566094643294,349.951000000000931,,,1,Surface,0,dem_1m_m
-1,670.230550786398567,349.629100000005565,,,1,Surface,0,dem_1m_m
-1,671.108486876954998,349.392600000006496,,,1,Surface,0,dem_1m_m
-1,671.986471570399772,349.040500000002794,,,1,Surface,0,dem_1m_m
-1,672.906708104796394,348.613500000006752,,,1,Surface,0,dem_1m_m
-1,673.826844643325103,348.233399999997346,,,1,Surface,0,dem_1m_m
-1,674.747081177721725,347.879799999995157,,,1,Surface,0,dem_1m_m
-1,675.667317712118347,347.658200000005309,,,1,Surface,0,dem_1m_m
-1,676.587554248377501,347.531900000001770,,,1,Surface,0,dem_1m_m
-1,677.507789897133307,347.271599999992759,,,1,Surface,0,dem_1m_m
-1,678.428026431529929,347.012600000001839,,,1,Surface,0,dem_1m_m
-1,679.348262965926551,346.882599999997183,,,1,Surface,0,dem_1m_m
-1,680.268499500323173,346.774900000003981,,,1,Surface,0,dem_1m_m
-1,681.188636040722827,346.566600000005565,,,1,Surface,0,dem_1m_m
-1,682.108872575119449,346.394899999999325,,,1,Surface,0,dem_1m_m
-1,682.984311669429189,346.306100000001607,,,1,Surface,0,dem_1m_m
-1,683.859670139597142,346.226800000004005,,,1,Surface,0,dem_1m_m
-1,684.735010828327859,346.140599999998813,,,1,Surface,0,dem_1m_m
-1,685.610467702075994,346.030700000002980,,,1,Surface,0,dem_1m_m
-1,686.485808390641182,345.990300000004936,,,1,Surface,0,dem_1m_m
-1,687.361149079371899,345.976500000004307,,,1,Surface,0,dem_1m_m
-1,688.236507547706879,346.000799999994342,,,1,Surface,0,dem_1m_m
-1,689.101879473581448,346.038700000004610,,,1,Surface,0,dem_1m_m
-1,689.967153071981102,346.046000000002095,,,1,Surface,0,dem_1m_m
-1,690.832426670550376,346.041500000006636,,,1,Surface,0,dem_1m_m
-1,691.697700268950030,346.073999999993248,,,1,Surface,0,dem_1m_m
-1,692.562973867349683,346.109899999995832,,,1,Surface,0,dem_1m_m
-1,693.428247465918957,346.082999999998719,,,1,Surface,0,dem_1m_m
-1,694.293619391623906,346.056100000001607,,,1,Surface,0,dem_1m_m
-1,695.209840260675378,346.043900000004214,,,1,Surface,0,dem_1m_m
-1,696.126159117239467,346.043600000004517,,,1,Surface,0,dem_1m_m
-1,697.042477975814563,346.050099999993108,,,1,Surface,0,dem_1m_m
-1,697.958796834203895,346.068199999994249,,,1,Surface,0,dem_1m_m
-1,698.875095748479112,346.056200000006356,,,1,Surface,0,dem_1m_m
-1,699.791316617530583,346.015299999999115,,,1,Surface,0,dem_1m_m
-1,700.676518994604294,345.978400000007241,,,1,Surface,0,dem_1m_m
-1,701.561600602109706,345.970600000000559,,,1,Surface,0,dem_1m_m
-1,702.446779385434297,345.974900000001071,,,1,Surface,0,dem_1m_m
-1,703.331860992720067,345.994999999995343,,,1,Surface,0,dem_1m_m
-1,704.217039776044658,346.001699999993434,,,1,Surface,0,dem_1m_m
-1,705.102144979889658,346.007400000002235,,,1,Surface,0,dem_1m_m
-1,705.958630735977181,346.026299999997718,,,1,Surface,0,dem_1m_m
-1,706.815129060636195,346.014200000005076,,,1,Surface,0,dem_1m_m
-1,707.671614814758868,346.029599999994389,,,1,Surface,0,dem_1m_m
-1,708.528113139534980,346.081300000005285,,,1,Surface,0,dem_1m_m
-1,709.384598895505519,346.119999999995343,,,1,Surface,0,dem_1m_m
-1,710.240998014160141,346.127500000002328,,,1,Surface,0,dem_1m_m
-1,711.208826722966251,346.148000000001048,,,1,Surface,0,dem_1m_m
-1,712.176678385116929,346.137400000006892,,,1,Surface,0,dem_1m_m
-1,713.144530047053763,346.103900000001886,,,1,Surface,0,dem_1m_m
-1,714.112284380463848,346.061199999996461,,,1,Surface,0,dem_1m_m
-1,715.080113091082922,346.046900000001187,,,1,Surface,0,dem_1m_m
-1,716.047964753233600,345.976099999999860,,,1,Surface,0,dem_1m_m
-1,717.015719086643685,345.947299999999814,,,1,Surface,0,dem_1m_m
-1,717.983570748580519,345.979099999996834,,,1,Surface,0,dem_1m_m
-1,718.951399457386628,345.984400000001187,,,1,Surface,0,dem_1m_m
-1,719.919153791010444,345.914699999993900,,,1,Surface,0,dem_1m_m
-1,720.833162440065962,345.865999999994528,,,1,Surface,0,dem_1m_m
-1,721.747079530090559,345.857900000002701,,,1,Surface,0,dem_1m_m
-1,722.661088179146077,345.854999999995925,,,1,Surface,0,dem_1m_m
-1,723.574997157653115,345.845700000005309,,,1,Surface,0,dem_1m_m
-1,724.489005806708633,345.850699999995413,,,1,Surface,0,dem_1m_m
-1,725.402922898589736,345.865799999999581,,,1,Surface,0,dem_1m_m
-1,726.316831875164667,345.868499999996857,,,1,Surface,0,dem_1m_m
-1,727.230840524220184,345.861399999994319,,,1,Surface,0,dem_1m_m
-1,728.144749502727223,345.843399999997928,,,1,Surface,0,dem_1m_m
-1,729.058758151782740,345.838300000003073,,,1,Surface,0,dem_1m_m
-1,730.041150258218522,345.844800000006217,,,1,Surface,0,dem_1m_m
-1,731.023531618679613,345.855999999999767,,,1,Surface,0,dem_1m_m
-1,732.005912980892504,345.839699999996810,,,1,Surface,0,dem_1m_m
-1,732.988393764769739,345.825200000006589,,,1,Surface,0,dem_1m_m
-1,733.970775126982630,345.820699999996577,,,1,Surface,0,dem_1m_m
-1,734.953156487343676,345.861499999999069,,,1,Surface,0,dem_1m_m
-1,735.935537849656612,345.889699999999721,,,1,Surface,0,dem_1m_m
-1,736.917919211869503,345.851899999994203,,,1,Surface,0,dem_1m_m
-1,737.900399995746739,345.805200000002515,,,1,Surface,0,dem_1m_m
-1,738.855798739819647,345.794999999998254,,,1,Surface,0,dem_1m_m
-1,739.811297441964371,345.800799999997253,,,1,Surface,0,dem_1m_m
-1,740.766796144109094,345.784700000003795,,,1,Surface,0,dem_1m_m
-1,741.722294846280761,345.772500000006403,,,1,Surface,0,dem_1m_m
-1,742.677793548425484,345.789499999998952,,,1,Surface,0,dem_1m_m
-1,743.633192292471449,345.775299999993877,,,1,Surface,0,dem_1m_m
-1,744.588690994643116,345.781199999997625,,,1,Surface,0,dem_1m_m
-1,745.544192590555326,345.790800000002491,,,1,Surface,0,dem_1m_m
-1,746.447551948921841,345.817100000000210,,,1,Surface,0,dem_1m_m
-1,747.350911307288357,345.805200000002515,,,1,Surface,0,dem_1m_m
-1,748.254270664340538,345.822400000004563,,,1,Surface,0,dem_1m_m
-1,749.157630022707053,345.828800000002957,,,1,Surface,0,dem_1m_m
-1,750.060989381073568,345.829400000002352,,,1,Surface,0,dem_1m_m
-1,750.964439877818450,345.863800000006449,,,1,Surface,0,dem_1m_m
-1,751.948592209621779,345.895699999993667,,,1,Surface,0,dem_1m_m
-1,752.932881601847043,345.843900000007125,,,1,Surface,0,dem_1m_m
-1,753.917119886972500,345.855899999995017,,,1,Surface,0,dem_1m_m
-1,754.901409279197765,345.888099999996484,,,1,Surface,0,dem_1m_m
-1,755.885647564323222,345.907699999996112,,,1,Surface,0,dem_1m_m
-1,756.869885847371620,345.922600000005332,,,1,Surface,0,dem_1m_m
-1,757.854175241673829,345.949299999992945,,,1,Surface,0,dem_1m_m
-1,758.769598958540996,345.956900000004680,,,1,Surface,0,dem_1m_m
-1,759.685022673354410,345.929600000003120,,,1,Surface,0,dem_1m_m
-1,760.600446390221578,345.738400000002002,,,1,Surface,0,dem_1m_m
-1,761.515870105583645,345.458599999998114,,,1,Surface,0,dem_1m_m
-1,762.431352738526357,345.288599999999860,,,1,Surface,0,dem_1m_m
-1,763.346695651261371,345.107300000003306,,,1,Surface,0,dem_1m_m
-1,764.262119368128538,344.919099999999162,,,1,Surface,0,dem_1m_m
-1,765.177543084995705,344.796000000002095,,,1,Surface,0,dem_1m_m
-1,766.080296633225430,344.653800000000047,,,1,Surface,0,dem_1m_m
-1,766.983050181941394,344.520999999993364,,,1,Surface,0,dem_1m_m
-1,767.885855952613724,344.420599999997648,,,1,Surface,0,dem_1m_m
-1,768.788609501329688,344.312000000005355,,,1,Surface,0,dem_1m_m
-1,769.691363050045652,344.299799999993411,,,1,Surface,0,dem_1m_m
-1,770.594116600350162,344.339500000001863,,,1,Surface,0,dem_1m_m
-1,771.496922371022492,344.332299999994575,,,1,Surface,0,dem_1m_m
-1,772.399675919738456,344.282099999996717,,,1,Surface,0,dem_1m_m
-1,773.302429467968182,344.275800000003073,,,1,Surface,0,dem_1m_m
-1,774.213877399060721,344.214099999997416,,,1,Surface,0,dem_1m_m
-1,775.125325328616896,344.191600000005565,,,1,Surface,0,dem_1m_m
-1,776.036855745463981,344.201100000005681,,,1,Surface,0,dem_1m_m
-1,776.948247143968388,344.200700000001234,,,1,Surface,0,dem_1m_m
-1,777.859695073524563,344.202199999999721,,,1,Surface,0,dem_1m_m
-1,778.771143004617102,344.196299999995972,,,1,Surface,0,dem_1m_m
-1,779.682590935709641,344.174100000003818,,,1,Surface,0,dem_1m_m
-1,780.594038865265816,344.145900000003166,,,1,Surface,0,dem_1m_m
-1,781.505486795831757,344.100600000005215,,,1,Surface,0,dem_1m_m
-1,782.456050760069729,344.051900000005844,,,1,Surface,0,dem_1m_m
-1,783.406598039357618,344.024099999995087,,,1,Surface,0,dem_1m_m
-1,784.357145318645507,344.004600000000210,,,1,Surface,0,dem_1m_m
-1,785.307692597933396,344.047300000005635,,,1,Surface,0,dem_1m_m
-1,786.258177999854979,344.066200000001118,,,1,Surface,0,dem_1m_m
-1,787.208725279142868,344.039999999993597,,,1,Surface,0,dem_1m_m
-1,788.159272558430757,343.995999999999185,,,1,Surface,0,dem_1m_m
-1,789.109898394345123,343.950700000001234,,,1,Surface,0,dem_1m_m
-1,790.091688316681712,343.914999999993597,,,1,Surface,0,dem_1m_m
-1,791.073541196393649,343.869399999995949,,,1,Surface,0,dem_1m_m
-1,792.055471769872611,343.868000000002212,,,1,Surface,0,dem_1m_m
-1,793.037261691622916,343.875100000004750,,,1,Surface,0,dem_1m_m
-1,794.019114571921250,343.885699999998906,,,1,Surface,0,dem_1m_m
-1,795.001045144813929,343.863299999997253,,,1,Surface,0,dem_1m_m
-1,795.982835067150518,343.835099999996601,,,1,Surface,0,dem_1m_m
-1,796.952150670281867,343.782399999996414,,,1,Surface,0,dem_1m_m
-1,797.921530683189417,343.725399999995716,,,1,Surface,0,dem_1m_m
-1,798.890846288345529,343.721499999999651,,,1,Surface,0,dem_1m_m
-1,799.860085397074045,343.702099999994971,,,1,Surface,0,dem_1m_m
-1,800.829401000805319,343.597299999993993,,,1,Surface,0,dem_1m_m
-1,801.798781013113057,343.528300000005402,,,1,Surface,0,dem_1m_m
-1,802.768096618269169,343.462700000003679,,,1,Surface,0,dem_1m_m
-1,803.699796247143468,343.337700000003679,,,1,Surface,0,dem_1m_m
-1,804.631520079728489,343.195800000001327,,,1,Surface,0,dem_1m_m
-1,805.563219709589589,343.077799999999115,,,1,Surface,0,dem_1m_m
-1,806.495001106175550,343.016699999992852,,,1,Surface,0,dem_1m_m
-1,807.426782502225365,342.918600000004517,,,1,Surface,0,dem_1m_m
-1,808.358424562046480,342.771699999997509,,,1,Surface,0,dem_1m_m
-1,809.290205958632441,342.653500000000349,,,1,Surface,0,dem_1m_m
-1,810.221905588493541,342.552700000000186,,,1,Surface,0,dem_1m_m
-1,811.157136817278229,342.442800000004354,,,1,Surface,0,dem_1m_m
-1,812.092368044666500,342.350000000005821,,,1,Surface,0,dem_1m_m
-1,813.027599273451187,342.282099999996717,,,1,Surface,0,dem_1m_m
-1,813.962830500500786,342.184899999992922,,,1,Surface,0,dem_1m_m
-1,814.898061729624146,342.022800000006100,,,1,Surface,0,dem_1m_m
-1,815.833292956673745,341.857699999993201,,,1,Surface,0,dem_1m_m
-1,816.768617339440652,341.755099999994854,,,1,Surface,0,dem_1m_m
-1,817.703848566828924,341.643400000000838,,,1,Surface,0,dem_1m_m
-1,818.646458779238742,341.547800000000279,,,1,Surface,0,dem_1m_m
-1,819.589161281946417,341.421000000002095,,,1,Surface,0,dem_1m_m
-1,820.531771492498706,341.293499999999767,,,1,Surface,0,dem_1m_m
-1,821.474473997133032,341.217499999998836,,,1,Surface,0,dem_1m_m
-1,822.417084207685321,341.096999999994296,,,1,Surface,0,dem_1m_m
-1,823.359786710392996,341.010299999994459,,,1,Surface,0,dem_1m_m
-1,824.302396922802814,340.945500000001630,,,1,Surface,0,dem_1m_m
-1,825.202459325722998,340.836999999999534,,,1,Surface,0,dem_1m_m
-1,826.102521728292231,340.783299999995506,,,1,Surface,0,dem_1m_m
-1,827.002491505248031,340.731400000004214,,,1,Surface,0,dem_1m_m
-1,827.902516228097170,340.626199999998789,,,1,Surface,0,dem_1m_m
-1,828.802578631017354,340.525299999993877,,,1,Surface,0,dem_1m_m
-1,829.702641033937539,340.432400000005146,,,1,Surface,0,dem_1m_m
-1,830.620982893468522,340.268700000000536,,,1,Surface,0,dem_1m_m
-1,831.539403766310556,340.138300000005984,,,1,Surface,0,dem_1m_m
-1,832.457806924392912,340.032900000005611,,,1,Surface,0,dem_1m_m
-1,833.376227797805768,339.793799999999464,,,1,Surface,0,dem_1m_m
-1,834.294569655865075,339.653600000005099,,,1,Surface,0,dem_1m_m
-1,835.213051822555940,339.535799999997835,,,1,Surface,0,dem_1m_m
-1,836.131393681516101,339.473400000002584,,,1,Surface,0,dem_1m_m
-1,837.035322269088738,339.434899999992922,,,1,Surface,0,dem_1m_m
-1,837.939331117399661,339.437799999999697,,,1,Surface,0,dem_1m_m
-1,838.843259704224806,339.504899999999907,,,1,Surface,0,dem_1m_m
-1,839.747268554394282,339.552400000000489,,,1,Surface,0,dem_1m_m
-1,840.651197141219427,339.513500000000931,,,1,Surface,0,dem_1m_m
-1,841.555205990277955,339.426900000005844,,,1,Surface,0,dem_1m_m
-1,842.459134577103100,339.294800000003306,,,1,Surface,0,dem_1m_m
-1,843.363063163928246,339.175099999993108,,,1,Surface,0,dem_1m_m
-1,844.292678159729462,339.180099999997765,,,1,Surface,0,dem_1m_m
-1,845.222196319778050,339.177899999995134,,,1,Surface,0,dem_1m_m
-1,846.151714480291503,339.148499999995693,,,1,Surface,0,dem_1m_m
-1,847.081329475627854,339.102899999998044,,,1,Surface,0,dem_1m_m
-1,848.010847636141307,339.028900000004796,,,1,Surface,0,dem_1m_m
-1,848.940365795752882,338.954400000002352,,,1,Surface,0,dem_1m_m
-1,849.869908919970953,338.904099999999744,,,1,Surface,0,dem_1m_m
-1,850.799523915772170,338.858900000006543,,,1,Surface,0,dem_1m_m
-1,851.763328527911881,338.793399999995017,,,1,Surface,0,dem_1m_m
-1,852.727131671913071,338.813299999994342,,,1,Surface,0,dem_1m_m
-1,853.690834825855745,338.869200000001001,,,1,Surface,0,dem_1m_m
-1,854.654637969856935,338.857799999997951,,,1,Surface,0,dem_1m_m
-1,855.618441113858125,338.830300000001444,,,1,Surface,0,dem_1m_m
-1,856.582245725997836,338.853099999992992,,,1,Surface,0,dem_1m_m
-1,857.546048869040533,338.818599999998696,,,1,Surface,0,dem_1m_m
-1,858.509852013041723,338.750299999999697,,,1,Surface,0,dem_1m_m
-1,859.480328045791794,338.713000000003376,,,1,Surface,0,dem_1m_m
-1,860.450791945039782,338.672600000005332,,,1,Surface,0,dem_1m_m
-1,861.421168717468731,338.654399999999441,,,1,Surface,0,dem_1m_m
-1,862.391632616716720,338.682199999995646,,,1,Surface,0,dem_1m_m
-1,863.362108649240668,338.740300000004936,,,1,Surface,0,dem_1m_m
-1,864.332584681990738,338.780400000003283,,,1,Surface,0,dem_1m_m
-1,865.302949319676486,338.796400000006543,,,1,Surface,0,dem_1m_m
-1,866.273425352200434,338.890700000003562,,,1,Surface,0,dem_1m_m
-1,867.210812156664474,338.899799999999232,,,1,Surface,0,dem_1m_m
-1,868.148198960222544,338.842499999998836,,,1,Surface,0,dem_1m_m
-1,869.085488483152744,338.905599999998230,,,1,Surface,0,dem_1m_m
-1,870.022875286710814,338.969700000001467,,,1,Surface,0,dem_1m_m
-1,870.960262091174855,339.003700000001118,,,1,Surface,0,dem_1m_m
-1,871.897672060302625,339.063500000003842,,,1,Surface,0,dem_1m_m
-1,872.836613688123748,339.073900000003050,,,1,Surface,0,dem_1m_m
-1,873.775595865125638,339.115399999995134,,,1,Surface,0,dem_1m_m
-1,874.714446081692813,339.150699999998324,,,1,Surface,0,dem_1m_m
-1,875.653428260301325,339.194600000002538,,,1,Surface,0,dem_1m_m
-1,876.592410438154502,339.218900000007125,,,1,Surface,0,dem_1m_m
-1,877.531352065124224,339.200200000006589,,,1,Surface,0,dem_1m_m
-1,878.524714119611986,339.219500000006519,,,1,Surface,0,dem_1m_m
-1,879.517993586855141,339.194699999992736,,,1,Surface,0,dem_1m_m
-1,880.511355639523458,339.214399999997113,,,1,Surface,0,dem_1m_m
-1,881.504635106766614,339.229699999996228,,,1,Surface,0,dem_1m_m
-1,882.497997161254375,339.211100000000442,,,1,Surface,0,dem_1m_m
-1,883.491276628497531,339.251499999998487,,,1,Surface,0,dem_1m_m
-1,884.484638682216087,339.256899999993038,,,1,Surface,0,dem_1m_m
-1,885.477918150228334,339.245999999999185,,,1,Surface,0,dem_1m_m
-1,886.386654250282959,339.265799999993760,,,1,Surface,0,dem_1m_m
-1,887.295310890487485,339.314700000002631,,,1,Surface,0,dem_1m_m
-1,888.204046990542111,339.316000000006170,,,1,Surface,0,dem_1m_m
-1,889.112722383479422,339.296799999996438,,,1,Surface,0,dem_1m_m
-1,890.021379023683949,339.271200000002864,,,1,Surface,0,dem_1m_m
-1,890.930115123738574,339.293900000004214,,,1,Surface,0,dem_1m_m
-1,891.838771763943100,339.355700000000070,,,1,Surface,0,dem_1m_m
-1,892.747447158011141,339.470499999995809,,,1,Surface,0,dem_1m_m
-1,893.656183258065766,339.558199999999488,,,1,Surface,0,dem_1m_m
-1,894.564839898270293,339.514899999994668,,,1,Surface,0,dem_1m_m
-1,895.513332228662421,339.489199999996345,,,1,Surface,0,dem_1m_m
-1,896.461824557089699,339.477899999998044,,,1,Surface,0,dem_1m_m
-1,897.410245060370926,339.473499999992782,,,1,Surface,0,dem_1m_m
-1,898.358737390763054,339.512900000001537,,,1,Surface,0,dem_1m_m
-1,899.307229720486248,339.591199999995297,,,1,Surface,0,dem_1m_m
-1,900.255580647763850,339.706099999995786,,,1,Surface,0,dem_1m_m
-1,901.204072977487044,339.783400000000256,,,1,Surface,0,dem_1m_m
-1,902.152565306583256,339.945399999996880,,,1,Surface,0,dem_1m_m
-1,903.100985809864483,340.163599999999860,,,1,Surface,0,dem_1m_m
-1,904.064140376593627,340.367599999997765,,,1,Surface,0,dem_1m_m
-1,905.027215458050478,340.557499999995343,,,1,Surface,0,dem_1m_m
-1,905.990290538026784,340.747199999997974,,,1,Surface,0,dem_1m_m
-1,906.953365617437953,340.960900000005495,,,1,Surface,0,dem_1m_m
-1,907.916380020170322,341.233200000002398,,,1,Surface,0,dem_1m_m
-1,908.879534586899467,341.519299999999930,,,1,Surface,0,dem_1m_m
-1,909.842609666875774,341.746299999998882,,,1,Surface,0,dem_1m_m
-1,910.805684746852080,341.949500000002445,,,1,Surface,0,dem_1m_m
-1,911.768759828308930,342.170899999997346,,,1,Surface,0,dem_1m_m
-1,912.766061531802052,342.433999999993830,,,1,Surface,0,dem_1m_m
-1,913.763363237000362,342.670599999997648,,,1,Surface,0,dem_1m_m
-1,914.760796728890909,342.844800000006217,,,1,Surface,0,dem_1m_m
-1,915.758098432384031,342.982399999993504,,,1,Surface,0,dem_1m_m
-1,916.755440380291134,343.191000000006170,,,1,Surface,0,dem_1m_m
-1,917.752742085489444,343.231199999994715,,,1,Surface,0,dem_1m_m
-1,918.750084031691472,343.296900000001187,,,1,Surface,0,dem_1m_m
-1,919.747385736889782,343.410000000003492,,,1,Surface,0,dem_1m_m
-1,920.659276442657756,343.543300000004820,,,1,Surface,0,dem_1m_m
-1,921.571167150101701,343.724199999996927,,,1,Surface,0,dem_1m_m
-1,922.483057855869674,343.918000000005122,,,1,Surface,0,dem_1m_m
-1,923.394858584539975,344.206699999995180,,,1,Surface,0,dem_1m_m
-1,924.306749290307948,344.425600000002305,,,1,Surface,0,dem_1m_m
-1,925.218639997751893,344.721900000004098,,,1,Surface,0,dem_1m_m
-1,926.130530703519867,345.014400000000023,,,1,Surface,0,dem_1m_m
-1,927.042421408881410,345.304699999993318,,,1,Surface,0,dem_1m_m
-1,927.998093345469215,345.525800000003073,,,1,Surface,0,dem_1m_m
-1,928.953854194266114,345.750100000004750,,,1,Surface,0,dem_1m_m
-1,929.909526130853919,345.815199999997276,,,1,Surface,0,dem_1m_m
-1,930.865198067441725,345.857000000003609,,,1,Surface,0,dem_1m_m
-1,931.820870004029530,345.890499999994063,,,1,Surface,0,dem_1m_m
-1,932.776630852400217,345.884900000004563,,,1,Surface,0,dem_1m_m
-1,933.732302788988022,345.858200000002398,,,1,Surface,0,dem_1m_m
-1,934.687974725575828,345.888099999996484,,,1,Surface,0,dem_1m_m
-1,935.606614262261814,345.874400000000605,,,1,Surface,0,dem_1m_m
-1,936.525226226746213,345.856799999994109,,,1,Surface,0,dem_1m_m
-1,937.443865763432200,345.841000000000349,,,1,Surface,0,dem_1m_m
-1,938.362505301666829,345.837100000004284,,,1,Surface,0,dem_1m_m
-1,939.281117266151227,345.816399999996065,,,1,Surface,0,dem_1m_m
-1,940.199756802837214,345.812600000004750,,,1,Surface,0,dem_1m_m
-1,941.118396341071843,345.798800000004121,,,1,Surface,0,dem_1m_m
-1,942.037008304007713,345.800499999997555,,,1,Surface,0,dem_1m_m
-1,942.955647842242342,345.836200000005192,,,1,Surface,0,dem_1m_m
-1,943.889892161817443,345.800600000002305,,,1,Surface,0,dem_1m_m
-1,944.824136482871722,345.769199999995180,,,1,Surface,0,dem_1m_m
-1,945.758399449228364,345.742499999993015,,,1,Surface,0,dem_1m_m
-1,946.692643768803464,345.773600000000442,,,1,Surface,0,dem_1m_m
-1,947.626888089291697,345.834000000002561,,,1,Surface,0,dem_1m_m
-1,948.561071637431382,345.879499999995460,,,1,Surface,0,dem_1m_m
-1,949.495315957006483,345.945000000006985,,,1,Surface,0,dem_1m_m
-1,950.429499504580235,345.990200000000186,,,1,Surface,0,dem_1m_m
-1,951.363743824155335,346.075599999996484,,,1,Surface,0,dem_1m_m
-1,952.268327374970795,346.115900000004331,,,1,Surface,0,dem_1m_m
-1,953.172769667679404,346.148799999995390,,,1,Surface,0,dem_1m_m
-1,954.077279197353960,346.105400000000373,,,1,Surface,0,dem_1m_m
-1,954.981788727781009,346.104500000001281,,,1,Surface,0,dem_1m_m
-1,955.886231019110824,346.137400000006892,,,1,Surface,0,dem_1m_m
-1,956.790740550164060,346.163300000000163,,,1,Surface,0,dem_1m_m
-1,957.695250080591109,346.203299999993760,,,1,Surface,0,dem_1m_m
-1,958.599692371920924,346.183900000003632,,,1,Surface,0,dem_1m_m
-1,959.504201902347972,346.181899999995949,,,1,Surface,0,dem_1m_m
-1,960.502801921587547,346.210900000005495,,,1,Surface,0,dem_1m_m
-1,961.501341961090020,346.211899999994785,,,1,Surface,0,dem_1m_m
-1,962.499941981819916,346.252900000006775,,,1,Surface,0,dem_1m_m
-1,963.498542002549812,346.274900000003981,,,1,Surface,0,dem_1m_m
-1,964.497082040561850,346.293000000005122,,,1,Surface,0,dem_1m_m
-1,965.495682061291745,346.293900000004214,,,1,Surface,0,dem_1m_m
-1,966.494282081462984,346.268100000001141,,,1,Surface,0,dem_1m_m
-1,967.492882100702559,346.242599999997765,,,1,Surface,0,dem_1m_m
-1,968.491422140205032,346.288100000005215,,,1,Surface,0,dem_1m_m
-1,969.460927250943541,346.301300000006449,,,1,Surface,0,dem_1m_m
-1,970.430463067531491,346.284100000004400,,,1,Surface,0,dem_1m_m
-1,971.399968178769882,346.305399999997462,,,1,Surface,0,dem_1m_m
-1,972.369503995357832,346.367899999997462,,,1,Surface,0,dem_1m_m
-1,973.339009106096341,346.377900000006775,,,1,Surface,0,dem_1m_m
-1,974.308598591120813,346.393100000001141,,,1,Surface,0,dem_1m_m
-1,975.278050028751863,346.405100000003586,,,1,Surface,0,dem_1m_m
-1,976.247639513776335,346.409499999994296,,,1,Surface,0,dem_1m_m
-1,977.217090951407386,346.410600000002887,,,1,Surface,0,dem_1m_m
-1,978.186680438003577,346.437699999994948,,,1,Surface,0,dem_1m_m
-1,979.076708397116022,346.427500000005239,,,1,Surface,0,dem_1m_m
-1,979.966822209916700,346.397899999996298,,,1,Surface,0,dem_1m_m
-1,980.856850170628263,346.368199999997159,,,1,Surface,0,dem_1m_m
-1,981.746929414680835,346.362399999998161,,,1,Surface,0,dem_1m_m
-1,982.637043227481513,346.352100000003702,,,1,Surface,0,dem_1m_m
-1,983.527071187715478,346.323699999993551,,,1,Surface,0,dem_1m_m
-1,984.472071616366065,346.313699999998789,,,1,Surface,0,dem_1m_m
-1,985.416936712427173,346.310200000007171,,,1,Surface,0,dem_1m_m
-1,986.361848951967431,346.290399999998044,,,1,Surface,0,dem_1m_m
-1,987.306849380618019,346.258100000006380,,,1,Surface,0,dem_1m_m
-1,988.251761619719105,346.257599999997183,,,1,Surface,0,dem_1m_m
-1,989.196626716219271,346.254799999995157,,,1,Surface,0,dem_1m_m
-1,990.119986504181497,346.229399999996531,,,1,Surface,0,dem_1m_m
-1,991.043258128432058,346.207599999994272,,,1,Surface,0,dem_1m_m
-1,991.966570734749780,346.231700000003912,,,1,Surface,0,dem_1m_m
-1,992.889842358560827,346.264200000005076,,,1,Surface,0,dem_1m_m
-1,993.813202146962453,346.225200000000768,,,1,Surface,0,dem_1m_m
-1,994.736426582981039,346.196400000000722,,,1,Surface,0,dem_1m_m
-1,995.730670859101565,346.163799999994808,,,1,Surface,0,dem_1m_m
-1,996.724915135222091,346.145600000003469,,,1,Surface,0,dem_1m_m
-1,997.719117393688748,346.129700000004959,,,1,Surface,0,dem_1m_m
-1,998.713270928563929,346.071599999995669,,,1,Surface,0,dem_1m_m
-1,999.707515202994273,346.009799999999814,,,1,Surface,0,dem_1m_m
-1,1000.701717461460930,346.004199999995762,,,1,Surface,0,dem_1m_m
-1,1001.695961737581456,345.995299999995041,,,1,Surface,0,dem_1m_m